iteration,level,prior mass,likelihood,evidence
0,0,0.11693598680489942,0.0,0.0
1,0,0.2729069060890598,1.5879698003142217e-193,0.0
2,1,0.2729069060890598,3.9098092309434306e-193,4.333679251666164e-194
3,2,0.3311393494872409,7.651923435323801e-184,1.5003818657818344e-193
4,3,0.3558436248134639,7.136485837934991e-182,2.533852950199679e-184
5,4,0.3558436248134639,4.679682232168084e-181,2.5648115185027343e-182
6,5,0.3535529971337288,1.3020067670201454e-178,1.9217162403201261e-181
7,6,0.35886846839516406,1.6890802287876417e-175,4.6225011100868905e-179
8,7,0.36734726475203605,9.987339591177603e-169,6.0661988481258296e-176
9,8,0.3646192744043457,5.657476104246962e-163,3.6688224875886955e-169
10,7,0.3646192744043457,4.276172325821825e-161,2.0628285009129395e-163
11,9,0.3664691630860405,1.983478050863304e-157,1.5798031356782269e-161
12,10,0.3669924117452229,2.1976552799862408e-151,7.270415216129737e-158
13,11,0.3669924117452229,5.825750526174191e-149,8.065235384282952e-152
14,12,0.3678482012963349,5.041731909778342e-138,2.1460714712109503e-149
15,13,0.3678482012963349,6.399306130005726e-138,1.8545920144517592e-138
16,14,0.3678482012963349,6.3444597651543e-135,4.208565263918975e-138
17,13,0.3676587231282805,4.887754447510583e-133,2.3380066780728953e-135
18,15,0.3677921230513554,2.7676875670064735e-124,1.8204056259170443e-133
19,16,0.3678245202712589,8.957051684941729e-122,1.017933688032557e-124
20,17,0.3678245202712589,4.867693032834838e-120,3.304802575938888e-122
21,18,0.3678448973073056,1.0011779826104503e-119,1.8235048803896123e-120
22,19,0.36785771395019295,2.2540559222972215e-116,5.506287002386377e-120
23,20,0.36785771395019295,4.3983292117141433e-116,8.297224873923883e-117
24,21,0.36785771395019295,4.719809211034725e-116,2.4476818164139073e-116
25,20,0.3678794411428972,6.374809817083803e-116,4.183900043066205e-116
26,17,0.3678794411428972,6.481490917396025e-114,6.529061515967249e-116
27,21,0.3678708456797144,4.1192250154666765e-111,2.4496978716240865e-114
28,19,0.3678708456797144,8.517693141681978e-109,1.517792487856385e-111
29,19,0.3678740348234501,2.4913031305414713e-104,3.1485889041494165e-109
30,22,0.3678740348234501,2.850580687160474e-104,9.16517220489625e-105
31,23,0.36787672134455324,1.0926333844213565e-96,1.9651718394651516e-104
32,24,0.36787730236966404,1.0947776410826841e-95,4.0195440674424987e-97
33,25,0.3678780959189465,1.9045679636068762e-94,4.429392859705471e-96
34,26,0.3678785950414756,5.371184095672736e-94,7.449427645969777e-95
35,26,0.367878908976986,2.7426772412652975e-88,2.7208864234221825e-94
36,27,0.3678793873489876,1.3438150286860291e-86,1.0089758320791109e-88
37,28,0.3678794406732582,8.072508361978311e-85,5.044516077841697e-87
38,29,0.36787930874638913,3.251599869230664e-82,3.020155021813197e-85
39,30,0.36787930874638913,3.117373201956559e-81,1.1992164672342392e-82
40,31,0.36787935787941634,9.651225171636275e-81,1.2667387453637206e-81
41,32,0.36787935787941634,2.337370527957956e-80,4.817225264254933e-81
42,33,0.36787944117134813,5.381408330232037e-79,1.3415928953769385e-80
43,33,0.3678794082203386,1.5336552384595296e-76,2.113868778778293e-79
44,31,0.3678794082203386,2.265120107931427e-75,5.663140503172923e-77
45,33,0.36787942044602734,1.182161202605774e-73,8.899224498855322e-76
46,34,0.36787942044602734,3.747466062424812e-73,4.437920025872462e-74
47,35,0.3678794360143721,9.185647187949053e-69,1.8224076457732423e-73
48,36,0.3678794360143721,1.7606475997783778e-68,3.3793929476942784e-69
49,37,0.36787943792777494,2.104389078041776e-67,9.856453407959555e-69
50,38,0.3678794406909032,8.24415597326159e-66,8.727260052909526e-68
51,39,0.3678794398882172,4.299673417750406e-61,3.1201280889411376e-66
52,40,0.36787944079582374,3.6862140546769534e-60,1.5817926499051653e-61
53,41,0.36787944098018727,1.364755273516711e-59,1.5142616300787803e-60
54,42,0.36787944098018727,3.773083988823932e-59,6.534915701039682e-60
55,43,0.36787944097060893,5.01478573523184e-57,2.0415315986838115e-59
56,44,0.36787944114191407,3.067154096801255e-53,1.8652518888513113e-57
57,45,0.3678794411073541,2.3047657369980995e-52,1.128529460216263e-53
58,46,0.3678794411214693,7.2050120416517e-51,9.607288772318661e-53
59,47,0.3678794411214693,1.1029853664401478e-50,2.7466486908794705e-51
60,48,0.36787944114001053,2.6402819606481177e-50,6.804305092591077e-51
61,49,0.36787944116362814,9.724435495095152e-48,1.6517359613943885e-50
62,50,0.3678794411709569,6.191534220268818e-47,3.593937255181298e-48
63,51,0.3678794411709569,9.879361366923005e-47,2.6371318744614786e-47
64,52,0.36787944116652305,5.6055489823568774e-46,6.271545813251054e-47
65,53,0.36787944116834825,2.5725410737034084e-45,2.6893208083861253e-46
66,54,0.3678794411712297,3.5626202254292115e-40,1.2153170534152451e-45
67,55,0.3678794411712297,4.992078075182817e-40,1.310626890806753e-40
68,56,0.3678794411712297,5.177154719364589e-40,3.147109783388156e-40
69,56,0.3678794411712297,5.402165204803405e-40,5.051678568404995e-40
70,57,0.3678794411709581,2.7275152574043905e-39,7.039024085062734e-40
71,58,0.36787944117113774,3.6363883249983894e-38,1.7072991971854624e-39
72,59,0.36787944117125077,1.5531725736299616e-37,1.5084824246002033e-38
73,60,0.36787944117144133,1.6002453499228685e-35,7.222285008895239e-38
74,61,0.3678794411714423,1.2054769055868344e-34,5.959196500757177e-36
75,62,0.36787944117141236,4.426035068136724e-34,5.030621353799358e-35
76,63,0.36787944117142346,6.287344413082201e-34,2.1313094428511477e-34
77,64,0.36787944117142346,7.216719261729684e-34,4.4442941919881e-34
78,65,0.36787944117142346,8.100067157760665e-34,7.099176841084263e-34
79,66,0.36787944117144233,8.190340812788858e-33,1.0079025020532256e-33
80,67,0.36787944117144233,1.2164160994471589e-32,4.020960503265647e-33
81,66,0.36787944117144233,1.8243226016426177e-32,8.495905252231312e-33
82,64,0.36787944117144095,1.776619114924836e-31,1.5207213044318491e-32
83,67,0.36787944117144095,9.888137916242988e-31,8.056537776162337e-32
84,67,0.36787944117144095,2.9390838798575323e-30,4.443296428469841e-31
85,68,0.36787944117144233,2.253911578294909e-29,1.5255581781249636e-30
86,69,0.36787944117144117,2.744141371356648e-29,9.817235496854711e-30
87,70,0.36787944117144117,5.624743375563593e-29,1.991236743875587e-29
88,70,0.36787944117144117,8.181784040393601e-29,4.060464193610687e-29
89,71,0.3678794411714418,3.4122418731281325e-28,7.070374334176102e-29
90,72,0.3678794411714419,5.341396588802849e-28,1.9623310668457812e-28
91,73,0.36787944117144217,9.307856196677627e-27,3.927321059009619e-28
92,74,0.36787944117144217,3.8083260009939336e-26,3.816901042038872e-27
93,75,0.3678794411714422,2.1198564915207736e-25,1.782694945248209e-26
94,76,0.36787944117144233,1.096174962052624e-24,9.581211159891372e-26
95,77,0.36787944117144233,2.030039199320189e-24,4.990723440649601e-25
96,78,0.36787944117144233,6.06264357755618e-24,1.2458820302669934e-24
97,77,0.36787944117144233,6.948534804900102e-24,3.4762039615999946e-24
98,79,0.36787944117144233,1.616026265645786e-23,6.032427062586962e-24
99,80,0.36787944117144233,4.1358735335877105e-23,1.1977455457828407e-23
100,81,0.36787944117144233,1.1724575696622143e-22,2.719248390074846e-23
101,82,0.36787944117144233,1.347050499416794e-22,7.032478745320474e-23
102,83,0.36787944117144233,1.5571361633560356e-21,1.1988000594872099e-22
103,84,0.36787944117144233,8.729337279011756e-21,6.92718387551983e-22
104,85,0.36787944117144233,1.0222406827783669e-20,3.904062107551867e-21
105,86,0.36787944117144233,1.0637180681570198e-20,7.664675418784061e-21
106,87,0.36787944117144233,4.240418047867685e-20,1.1577875503559768e-20
107,88,0.36787944117144233,6.749837844818243e-20,2.717750172138839e-20
108,88,0.36787944117144233,8.987790814716008e-20,5.200876746488427e-20
109,89,0.36787944117144233,1.2204780127806258e-19,8.507300208771974e-20
110,90,0.36787944117144233,1.54429946586038e-19,1.2997187901809664e-19
111,91,0.36787944117144233,1.1497215969017881e-18,1.86783481468304e-19
112,92,0.36787944117144233,1.203407372705866e-18,6.097424200392721e-19
113,93,0.36787944117144233,5.0972297841034914e-18,1.0524512518118998e-18
114,94,0.36787944117144233,8.415505113478973e-18,2.927617296310324e-18
115,95,0.36787944117144233,1.1898729424637235e-17,6.023508614632384e-18
116,96,0.36787944117144233,2.3473142888032018e-17,1.0400806546018129e-17
117,97,0.36787944117144233,4.071402904512386e-17,1.9036093234204762e-17
118,98,0.36787944117144233,6.714629163616516e-17,3.40139474871628e-17
119,99,0.36787944117144233,1.6224298263445728e-16,5.871568773100994e-17
120,100,0.36787944117144233,1.6353346254290477e-16,1.184015455165621e-16
121,100,0.36787944117144233,1.6463744052804743e-16,1.785621443296769e-16
122,100,0.36787944117144233,1.6516589253344021e-16,2.391288739470316e-16
123,100,0.36787944117144233,1.6583139697086047e-16,2.9989001019281607e-16
124,100,0.36787944117144233,1.6796256735132681e-16,3.6089597183913586e-16
125,100,0.36787944117144233,1.6928820926134986e-16,4.226859472540627e-16
126,100,0.36787944117144233,1.7047374717970685e-16,4.849635990740423e-16
127,100,0.36787944117144233,1.712950140450986e-16,5.476773859209146e-16
128,100,0.36787944117144233,1.7213808218545147e-16,6.106932999632798e-16
129,100,0.36787944117144233,1.722146941719283e-16,6.740193614419875e-16
130,100,0.36787944117144233,1.72857949528263e-16,7.373736068954673e-16
131,100,0.36787944117144233,1.7285936586245394e-16,8.009644927699661e-16
132,100,0.36787944117144233,1.737940974290712e-16,8.645558996846956e-16
133,100,0.36787944117144233,1.7387371441095939e-16,9.284911751257975e-16
134,100,0.36787944117144233,1.7534657734678103e-16,9.924557400177041e-16
135,100,0.36787944117144233,1.760130057916845e-16,1.056962140903363e-15
136,100,0.36787944117144233,1.7637579463334927e-16,1.1217137071129138e-15
137,100,0.36787944117144233,1.766655340688512e-16,1.1865987358787994e-15
138,100,0.36787944117144233,1.7677854812926027e-16,1.2515903538263028e-15
139,100,0.36787944117144233,1.771189250392683e-16,1.316623547323194e-15
140,100,0.36787944117144233,1.7994810082145897e-16,1.3817819584875266e-15
141,100,0.36787944117144233,1.8317887032259043e-16,1.4479811652575872e-15
142,100,0.36787944117144233,1.8428909595214722e-16,1.5153689057062778e-15
143,100,0.36787944117144233,1.846324103416596e-16,1.583165075339144e-15
144,100,0.36787944117144233,1.8478731572983124e-16,1.6510875432777701e-15
145,100,0.36787944117144233,1.8563368844071835e-16,1.7190669977240313e-15
146,100,0.36787944117144233,1.861561356085141e-16,1.7873578152901962e-15
147,100,0.36787944117144233,1.8747696158872097e-16,1.8558408304284915e-15
148,100,0.36787944117144233,1.898122138812384e-16,1.9248097502902703e-15
149,100,0.36787944117144233,1.919621359512313e-16,1.9946377614604147e-15
150,100,0.36787944117144233,1.9207587511820493e-16,2.0652566847602302e-15
151,100,0.36787944117144233,1.9318577236579224e-16,2.135917450361231e-15
152,100,0.36787944117144233,1.9377767090875967e-16,2.2069865243414323e-15
153,100,0.36787944117144233,1.9456530836364315e-16,2.2782733456268506e-15
154,100,0.36787944117144233,1.951813819227962e-16,2.349849922539017e-15
155,100,0.36787944117144233,1.9536360838326517e-16,2.421653140247845e-15
156,100,0.36787944117144233,1.9707168652455392e-16,2.4935233953251173e-15
157,100,0.36787944117144233,1.9736237766314978e-16,2.566022017234484e-15
158,100,0.36787944117144233,1.986931014682338e-16,2.6386275784374706e-15
159,100,0.36787944117144233,2.0127410966610628e-16,2.711722685570225e-15
160,100,0.36787944117144233,2.0134587926952366e-16,2.7857672925564718e-15
161,100,0.36787944117144233,2.0342973323430435e-16,2.8598383021043167e-15
162,100,0.36787944117144233,2.0345654787573584e-16,2.934675918684208e-15
163,100,0.36787944117144233,2.0375454494527675e-16,3.0095233998194047e-15
164,100,0.36787944117144233,2.0418670426431522e-16,3.0844805079500147e-15
165,100,0.36787944117144233,2.0763254758050113e-16,3.1595965986094095e-15
166,100,0.36787944117144233,2.0934428443334815e-16,3.2359803441823272e-15
167,100,0.36787944117144233,2.0966479676390355e-16,3.312993802552103e-15
168,100,0.36787944117144233,2.105865586017521e-16,3.3901251708189317e-15
169,100,0.36787944117144233,2.1118411740690086e-16,3.4675956363155614e-15
170,100,0.36787944117144233,2.1428861924866553e-16,3.5452859314114962e-15
171,100,0.36787944117144233,2.1452884554482932e-16,3.624118308910095e-15
172,100,0.36787944117144233,2.1499667681644273e-16,3.703039060724282e-15
173,100,0.36787944117144233,2.1550264250886938e-16,3.782131918045232e-15
174,100,0.36787944117144233,2.1604953333626444e-16,3.861410909742364e-15
175,100,0.36787944117144233,2.186253483253624e-16,3.94089109133146e-15
176,100,0.36787944117144233,2.193109825772012e-16,4.021318862299306e-15
177,100,0.36787944117144233,2.195824838818283e-16,4.101998864012567e-15
178,100,0.36787944117144233,2.1967912449585308e-16,4.182778745474052e-15
179,100,0.36787944117144233,2.2014043227988376e-16,4.263594179030618e-15
180,100,0.36787944117144233,2.2017393820110463e-16,4.344579318236981e-15
181,100,0.36787944117144233,2.2100131631257898e-16,4.42557678358292e-15
182,100,0.36787944117144233,2.2126780426619722e-16,4.5068786243261446e-15
183,100,0.36787944117144233,2.2176464937275565e-16,4.5882785005088255e-15
184,100,0.36787944117144233,2.2537707379505166e-16,4.669861155791655e-15
185,100,0.36787944117144233,2.2570493875922504e-16,4.7527727477522336e-15
186,100,0.36787944117144233,2.267492454443633e-16,4.835804954492612e-15
187,100,0.36787944117144233,2.2929871329914655e-16,4.9192213401927306e-15
188,100,0.36787944117144233,2.3221710826614115e-16,5.0035756227025514e-15
189,100,0.36787944117144233,2.328455328851234e-16,5.089003522721948e-15
190,100,0.36787944117144233,2.33277297014304e-16,5.174662607238994e-15
191,100,0.36787944117144233,2.334879217109636e-16,5.2604805289026e-15
192,100,0.36787944117144233,2.363123610722143e-16,5.346375935061911e-15
193,100,0.36787944117144233,2.363291026972268e-16,5.433310394395062e-15
194,100,0.36787944117144233,2.3633295524083494e-16,5.5202510126278664e-15
195,100,0.36787944117144233,2.367799417691588e-16,5.60719304813226e-15
196,100,0.36787944117144233,2.375817725992842e-16,5.694299520790905e-15
197,100,0.36787944117144233,2.394873810391948e-16,5.781700970527251e-15
198,100,0.36787944117144233,2.397513580415305e-16,5.869803454431562e-15
199,100,0.36787944117144233,2.4103400309173306e-16,5.958003050047975e-15
200,100,0.36787944117144233,2.4217865357574355e-16,6.046674504408678e-15
201,100,0.36787944117144233,2.4356413198576736e-16,6.135767052149775e-15
202,100,0.36787944117144233,2.445672777797252e-16,6.225369288914107e-15
203,100,0.36787944117144233,2.446090057124894e-16,6.315340562392533e-15
204,100,0.36787944117144233,2.453889060333875e-16,6.4053271867195456e-15
205,100,0.36787944117144233,2.4646067962477766e-16,6.49560072034078e-15
206,100,0.36787944117144233,2.467018603700928e-16,6.5862685374318774e-15
207,100,0.36787944117144233,2.4759359383115396e-16,6.677025079960782e-15
208,100,0.36787944117144233,2.5107779116082724e-16,6.768109672897016e-15
209,100,0.36787944117144233,2.5125938406949047e-16,6.860476030399821e-15
210,100,0.36787944117144233,2.5181469145236613e-16,6.952909192200386e-15
211,100,0.36787944117144233,2.5215485963138534e-16,7.045546640170642e-15
212,100,0.36787944117144233,2.5317984061551935e-16,7.1383092290205e-15
213,100,0.36787944117144233,2.5643615677640475e-16,7.231448887302011e-15
214,100,0.36787944117144233,2.5727659458097926e-16,7.325786477353067e-15
215,100,0.36787944117144233,2.5854299937491797e-16,7.42043324719401e-15
216,100,0.36787944117144233,2.588109403033004e-16,7.515545901322844e-15
217,100,0.36787944117144233,2.6118479735254416e-16,7.610757125410677e-15
218,100,0.36787944117144233,2.615569164045328e-16,7.706841642703207e-15
219,100,0.36787944117144233,2.623307994651342e-16,7.803063054944632e-15
220,100,0.36787944117144233,2.6371752006059825e-16,7.899569162853924e-15
221,100,0.36787944117144233,2.647654067496018e-16,7.996585416760936e-15
222,100,0.36787944117144233,2.6518551954749853e-16,8.093987166637509e-15
223,100,0.36787944117144233,2.6587082715007803e-16,8.1915434673754e-15
224,100,0.36787944117144233,2.666839841165921e-16,8.28935187869116e-15
225,100,0.36787944117144233,2.6700951988237607e-16,8.387459433737346e-15
226,100,0.36787944117144233,2.670393020281596e-16,8.48568674669913e-15
227,100,0.36787944117144233,2.694754351095708e-16,8.583925015900063e-15
228,100,0.36787944117144233,2.7097456237168853e-16,8.683059488377602e-15
229,100,0.36787944117144233,2.728367194679951e-16,8.782745458954576e-15
230,100,0.36787944117144233,2.744819296239668e-16,8.88311647884351e-15
231,100,0.36787944117144233,2.751485321056798e-16,8.984092737725234e-15
232,100,0.36787944117144233,2.7651241637289175e-16,9.085314225955414e-15
233,100,0.36787944117144233,2.7799992444747694e-16,9.187037459167638e-15
234,100,0.36787944117144233,2.78864539678834e-16,9.289307916019079e-15
235,100,0.36787944117144233,2.812535785439298e-16,9.39189644703866e-15
236,100,0.36787944117144233,2.813777345024434e-16,9.49536385634087e-15
237,100,0.36787944117144233,2.8238361746871876e-16,9.598876940067714e-15
238,100,0.36787944117144233,2.8313810112206604e-16,9.702760067458076e-15
239,100,0.36787944117144233,2.8519927186844335e-16,9.806920753873205e-15
240,100,0.36787944117144233,2.861372639800595e-16,9.91183970263067e-15
241,100,0.36787944117144233,2.865351210188075e-16,1.001710371940198e-14
242,100,0.36787944117144233,2.86551925258961e-16,1.0122514099598371e-14
243,100,0.36787944117144233,2.87449876979531e-16,1.0227930661729238e-14
244,100,0.36787944117144233,2.8802146154070163e-16,1.0333677561837267e-14
245,100,0.36787944117144233,2.8819853384349934e-16,1.0439634736154242e-14
246,100,0.36787944117144233,2.8914275487960375e-16,1.0545657051731017e-14
247,100,0.36787944117144233,2.8947190776872054e-16,1.0652026726814897e-14
248,100,0.36787944117144233,2.895552343672703e-16,1.0758517490479686e-14
249,100,0.36787944117144233,2.9096184014779e-16,1.0865038908286983e-14
250,100,0.36787944117144233,2.914209987801848e-16,1.0972077787442766e-14
251,100,0.36787944117144233,2.9516037803040787e-16,1.1079285581619644e-14
252,100,0.36787944117144233,2.9618197931106046e-16,1.1187869016545423e-14
253,100,0.36787944117144233,2.9642777201095133e-16,1.1296828277579427e-14
254,100,0.36787944117144233,2.9719670931738113e-16,1.1405877960694513e-14
255,100,0.36787944117144233,2.9726421133979165e-16,1.1515210520036182e-14
256,100,0.36787944117144233,2.9971970255092257e-16,1.1624567911984135e-14
257,100,0.36787944117144233,3.0068004841590126e-16,1.173482862866664e-14
258,100,0.36787944117144233,3.0761781743498367e-16,1.1845442636849283e-14
259,100,0.36787944117144233,3.0780884792957083e-16,1.1958608907621644e-14
260,100,0.36787944117144233,3.0831509611015606e-16,1.20718454545856e-14
261,100,0.36787944117144233,3.0856785421044815e-16,1.2185268239847323e-14
262,100,0.36787944117144233,3.1022395077123116e-16,1.2298784009617734e-14
263,100,0.36787944117144233,3.12840896160986e-16,1.2412909023265451e-14
264,100,0.36787944117144233,3.1317999293083727e-16,1.2527996757320728e-14
265,100,0.36787944117144233,3.1410142835880684e-16,1.26432092381062e-14
266,100,0.36787944117144233,3.150724523698137e-16,1.275876069604199e-14
267,100,0.36787944117144233,3.155962223739552e-16,1.2874669373748312e-14
268,100,0.36787944117144233,3.166847772209849e-16,1.2990770735671061e-14
269,100,0.36787944117144233,3.1738656569576397e-16,1.310727255454262e-14
270,100,0.36787944117144233,3.1860998047557625e-16,1.3224032546966102e-14
271,100,0.36787944117144233,3.1936038896400096e-16,1.3341242608535101e-14
272,100,0.36787944117144233,3.244585667620357e-16,1.3458728729959472e-14
273,100,0.36787944117144233,3.252545740732069e-16,1.3578090366183176e-14
274,100,0.36787944117144233,3.2548079032656566e-16,1.3697744837131683e-14
275,100,0.36787944117144233,3.2633786574078445e-16,1.381748252838906e-14
276,100,0.36787944117144233,3.2969406426072684e-16,1.393753552007086e-14
277,100,0.36787944117144233,3.322207499737083e-16,1.4058823188188639e-14
278,100,0.36787944117144233,3.3250868922681647e-16,1.4181040372034524e-14
279,100,0.36787944117144233,3.3390144931099537e-16,1.4303363482811936e-14
280,100,0.36787944117144233,3.3839456001930987e-16,1.44261989613908e-14
281,100,0.36787944117144233,3.407507484476217e-16,1.455068736302616e-14
282,100,0.36787944117144233,3.4180486652483767e-16,1.467604255794382e-14
283,100,0.36787944117144233,3.4303334181868447e-16,1.480178554123066e-14
284,100,0.36787944117144233,3.470708776172354e-16,1.492798045532209e-14
285,100,0.36787944117144233,3.4722129739760296e-16,1.50556606958268e-14
286,100,0.36787944117144233,3.497527930079389e-16,1.5183396272676252e-14
287,100,0.36787944117144233,3.527382696811455e-16,1.5312063134716163e-14
288,100,0.36787944117144233,3.536472089361916e-16,1.5441828292246246e-14
289,100,0.36787944117144233,3.575441382131804e-16,1.5571927829841532e-14
290,100,0.36787944117144233,3.601431308913326e-16,1.570346096760152e-14
291,100,0.36787944117144233,3.603119796932074e-16,1.583595022133556e-14
292,100,0.36787944117144233,3.603862080656843e-16,1.5968501591072473e-14
293,100,0.36787944117144233,3.650124373921508e-16,1.6101080267901572e-14
294,100,0.36787944117144233,3.6568496597838513e-16,1.6235360839390022e-14
295,100,0.36787944117144233,3.6902294744869e-16,1.6369888820318948e-14
296,100,0.36787944117144233,3.7062530407369017e-16,1.650564477600581e-14
297,100,0.36787944117144233,3.723043073658119e-16,1.6641990205752434e-14
298,100,0.36787944117144233,3.7502518693859745e-16,1.677895330629189e-14
299,100,0.36787944117144233,3.7698529898308606e-16,1.6916917362488075e-14
300,100,0.36787944117144233,3.807004593342009e-16,1.7055602503607822e-14
301,100,0.36787944117144233,3.8127704881685586e-16,1.7195654375841398e-14
302,100,0.36787944117144233,3.8536036379701285e-16,1.733591836349164e-14
303,100,0.36787944117144233,3.8715831310562806e-16,1.7477684518774907e-14
304,100,0.36787944117144233,3.8778704564426667e-16,1.7620112102645086e-14
305,100,0.36787944117144233,3.9237789805284216e-16,1.7762770984290224e-14
306,100,0.36787944117144233,3.95853980561986e-16,1.790711874615393e-14
307,100,0.36787944117144233,3.977950214174182e-16,1.8052745287308563e-14
308,100,0.36787944117144233,4.024733157704961e-16,1.8199085897488385e-14
309,100,0.36787944117144233,4.0464346753805866e-16,1.8347147555980452e-14
310,100,0.36787944117144233,4.0667376392377405e-16,1.849600756869203e-14
311,100,0.36787944117144233,4.0674657665835087e-16,1.8645614485703394e-14
312,100,0.36787944117144233,4.088677291377331e-16,1.8795248189022865e-14
313,100,0.36787944117144233,4.1647651033209274e-16,1.894566222073109e-14
314,100,0.36787944117144233,4.1781558767870624e-16,1.9098875366613093e-14
315,100,0.36787944117144233,4.17832665053287e-16,1.9252581131521054e-14
316,100,0.36787944117144233,4.1795910126582776e-16,1.9406293178844033e-14
317,100,0.36787944117144233,4.270798906177561e-16,1.9560051739450225e-14
318,100,0.36787944117144233,4.2837109902040613e-16,1.9717165650946246e-14
319,100,0.36787944117144233,4.305825268005654e-16,1.987475457146787e-14
320,100,0.36787944117144233,4.315302724481368e-16,2.003315703080545e-14
321,100,0.36787944117144233,4.3204962978337506e-16,2.0191908146282233e-14
322,100,0.36787944117144233,4.3224774386681796e-16,2.035085032264527e-14
323,100,0.36787944117144233,4.3701839081694435e-16,2.0509865381106612e-14
324,100,0.36787944117144233,4.417170845401472e-16,2.0670635462501993e-14
325,100,0.36787944117144233,4.444467028210848e-16,2.08331340967185e-14
326,100,0.36787944117144233,4.475136219062123e-16,2.0996636901382812e-14
327,100,0.36787944117144233,4.534903763817032e-16,2.1161267962526277e-14
328,100,0.36787944117144233,4.610505052917185e-16,2.1328097748766205e-14
329,100,0.36787944117144233,4.648568704839006e-16,2.1497708751004735e-14
330,100,0.36787944117144233,4.658607875671663e-16,2.166872003674306e-14
331,100,0.36787944117144233,4.713559633393451e-16,2.1840100642936957e-14
332,100,0.36787944117144233,4.726341001778434e-16,2.2013502811323063e-14
333,100,0.36787944117144233,4.72643691865326e-16,2.2187375179975057e-14
334,100,0.36787944117144233,4.728262294597212e-16,2.236125107721168e-14
335,100,0.36787944117144233,4.754903386059378e-16,2.2535194126276523e-14
336,100,0.36787944117144233,4.768870043425722e-16,2.2710117246325295e-14
337,100,0.36787944117144233,4.779685842630295e-16,2.2885554170984765e-14
338,100,0.36787944117144233,4.81910838816228e-16,2.3061388986660953e-14
339,100,0.36787944117144233,4.830483657514758e-16,2.323867407673913e-14
340,100,0.36787944117144233,4.856421411330934e-16,2.341637763959056e-14
341,100,0.36787944117144233,4.914227856814882e-16,2.3595035399079907e-14
342,100,0.36787944117144233,4.93287389129091e-16,2.3775819738855327e-14
343,100,0.36787944117144233,5.038177803435808e-16,2.3957290027905057e-14
344,100,0.36787944117144233,5.223925829242642e-16,2.414263423139009e-14
345,100,0.36787944117144233,5.23803396812422e-16,2.4334811722868374e-14
346,100,0.36787944117144233,5.274356901973547e-16,2.452750822377143e-14
347,100,0.36787944117144233,5.284690011707053e-16,2.4721540970735108e-14
348,100,0.36787944117144233,5.381919528469649e-16,2.4915953851562217e-14
349,100,0.36787944117144233,5.5929879716195955e-16,2.5113943606418525e-14
350,100,0.36787944117144233,5.619614768067939e-16,2.5319698135366326e-14
351,100,0.36787944117144233,5.639665387517768e-16,2.552643220941389e-14
352,100,0.36787944117144233,5.643066849346278e-16,2.5733903904529285e-14
353,100,0.36787944117144233,5.735126169871051e-16,2.5941500732432346e-14
354,100,0.36787944117144233,5.760367091006755e-16,2.6152484233474333e-14
355,100,0.36787944117144233,5.774307849471259e-16,2.6364396296112526e-14
356,100,0.36787944117144233,5.880722145552098e-16,2.657682121059406e-14
357,100,0.36787944117144233,5.896291082282836e-16,2.6793160888253086e-14
358,100,0.36787944117144233,5.937013761200584e-16,2.7010073315086522e-14
359,100,0.36787944117144233,5.996443717683914e-16,2.7228483845556285e-14
360,100,0.36787944117144233,6.025181369480216e-16,2.744908068194404e-14
361,100,0.36787944117144233,6.109215765638915e-16,2.7670734717460137e-14
362,100,0.36787944117144233,6.158008785253039e-16,2.7895480205646038e-14
363,100,0.36787944117144233,6.257635540228758e-16,2.812202068871081e-14
364,100,0.36787944117144233,6.26077345033682e-16,2.8352226235270202e-14
365,100,0.36787944117144233,6.377262629357814e-16,2.858254721909129e-14
366,100,0.36787944117144233,6.433192599596877e-16,2.881715360032046e-14
367,100,0.36787944117144233,6.563535404370763e-16,2.905381753016926e-14
368,100,0.36787944117144233,6.570308259368126e-16,2.929527650383615e-14
369,100,0.36787944117144233,6.577992032831383e-16,2.9536984636914197e-14
370,100,0.36787944117144233,6.601088386934488e-16,2.9778975440221015e-14
371,100,0.36787944117144233,6.633142869544778e-16,3.002181591091189e-14
372,100,0.36787944117144233,6.634117677230171e-16,3.0265835600117735e-14
373,100,0.36787944117144233,6.714394430266198e-16,3.0509891150494234e-14
374,100,0.36787944117144233,6.800935546166795e-16,3.0756899917575334e-14
375,100,0.36787944117144233,6.99569221906796e-16,3.100709235439202e-14
376,100,0.36787944117144233,7.04248109459711e-16,3.126444948880783e-14
377,100,0.36787944117144233,7.110893661959645e-16,3.152352788976192e-14
378,100,0.36787944117144233,7.113878130100676e-16,3.178512304842104e-14
379,100,0.36787944117144233,7.160718028151701e-16,3.204682799952736e-14
380,100,0.36787944117144233,7.191085160595706e-16,3.231025609418563e-14
381,100,0.36787944117144233,7.232202659387271e-16,3.257480133321525e-14
382,100,0.36787944117144233,7.259182701034779e-16,3.284085920049265e-14
383,100,0.36787944117144233,7.52888054989294e-16,3.310790960803446e-14
384,100,0.36787944117144233,7.535967177400888e-16,3.338488164496858e-14
385,100,0.36787944117144233,7.575579362854476e-16,3.3662114384359435e-14
386,100,0.36787944117144233,7.687918410626098e-16,3.394080437461512e-14
387,100,0.36787944117144233,7.871742877283945e-16,3.42236270874824e-14
388,100,0.36787944117144233,7.924113308196396e-16,3.4513212324556447e-14
389,100,0.36787944117144233,7.993490212410299e-16,3.4804724162116295e-14
390,100,0.36787944117144233,8.13021879118172e-16,3.5098788233351386e-14
391,100,0.36787944117144233,8.217350541344013e-16,3.539788226790153e-14
392,100,0.36787944117144233,8.255582611460398e-16,3.570018170040748e-14
393,100,0.36787944117144233,8.370925520922118e-16,3.600388761217235e-14
394,100,0.36787944117144233,8.433016139689276e-16,3.631183675244481e-14
395,100,0.36787944117144233,8.739003565616918e-16,3.6622070078930676e-14
396,100,0.36787944117144233,8.801336556512554e-16,3.6943560053742116e-14
397,100,0.36787944117144233,8.854678638093864e-16,3.726734313113928e-14
398,100,0.36787944117144233,8.894772244949343e-16,3.7593088554052746e-14
399,100,0.36787944117144233,8.963450072823554e-16,3.7920308938334666e-14
400,100,0.36787944117144233,8.98090523777833e-16,3.825005583871051e-14
401,100,0.36787944117144233,9.14198251509789e-16,3.858044487871927e-14
402,100,0.36787944117144233,9.39712225149398e-16,3.89167596206046e-14
403,100,0.36787944117144233,9.444671600287325e-16,3.926246042885453e-14
404,100,0.36787944117144233,9.46188218862766e-16,3.960991047989068e-14
405,100,0.36787944117144233,9.575984592493276e-16,3.995799367308892e-14
406,100,0.36787944117144233,9.612420439746881e-16,4.03102744591442e-14
407,100,0.36787944117144233,1.0025104611140713e-15,4.06638956451121e-14
408,100,0.36787944117144233,1.008226592717173e-15,4.103269863331527e-14
409,100,0.36787944117144233,1.0161651872663337e-15,4.140360446881825e-14
410,100,0.36787944117144233,1.0335201960706513e-15,4.177743075004766e-14
411,100,0.36787944117144233,1.0368614074284472e-15,4.215764158221753e-14
412,100,0.36787944117144233,1.0374961971865322e-15,4.2539081577354545e-14
413,100,0.36787944117144233,1.0943089436385436e-15,4.292075509859302e-14
414,100,0.36787944117144233,1.098593920326292e-15,4.332332886124768e-14
415,100,0.36787944117144233,1.1102054703708273e-15,4.372747897873166e-14
416,100,0.36787944117144233,1.1108778769794167e-15,4.413590074675716e-14
417,100,0.36787944117144233,1.1180804632451295e-15,4.4544569879350063e-14
418,100,0.36787944117144233,1.1376735579229045e-15,4.495588869535339e-14
419,100,0.36787944117144233,1.1896073378556584e-15,4.5374415408077595e-14
420,100,0.36787944117144233,1.190447317706784e-15,4.581204749074138e-14
421,100,0.36787944117144233,1.2028969241982067e-15,4.6249988584723394e-14
422,100,0.36787944117144233,1.2067768807539152e-15,4.669250963298428e-14
423,100,0.36787944117144233,1.2190225011526169e-15,4.713645803749464e-14
424,100,0.36787944117144233,1.2218702788156924e-15,4.7584911353994083e-14
425,100,0.36787944117144233,1.2304585337454102e-15,4.803441230934879e-14
426,100,0.36787944117144233,1.23131924329005e-15,4.8487072707127684e-14
427,100,0.36787944117144233,1.252808906559083e-15,4.894004974225287e-14
428,100,0.36787944117144233,1.2675725072135618e-15,4.9400932382692435e-14
429,100,0.36787944117144233,1.2967098025370622e-15,4.9867246248290446e-14
430,100,0.36787944117144233,1.3079589735521131e-15,5.034427912580931e-14
431,100,0.36787944117144233,1.3188609509523014e-15,5.0825450342074835e-14
432,100,0.36787944117144233,1.340919884576848e-15,5.1310632171694e-14
433,100,0.36787944117144233,1.3616160064075079e-15,5.180392902948781e-14
434,100,0.36787944117144233,1.3654234433381146e-15,5.230483956501509e-14
435,100,0.36787944117144233,1.3749612127444098e-15,5.2807150778312705e-14
436,100,0.36787944117144233,1.3841059373689569e-15,5.3312970740889526e-14
437,100,0.36787944117144233,1.4111776085020417e-15,5.382215485965089e-14
438,100,0.36787944117144233,1.4157091623645021e-15,5.4341298089660276e-14
439,100,0.36787944117144233,1.471761766322826e-15,5.486210838517222e-14
440,100,0.36787944117144233,1.4898976863135191e-15,5.540353928130456e-14
441,100,0.36787944117144233,1.557349603328998e-15,5.59516420095482e-14
442,100,0.36787944117144233,1.5655238702475092e-15,5.652455891132944e-14
443,100,0.36787944117144233,1.5870356903693333e-15,5.710048295785665e-14
444,100,0.36787944117144233,1.6054031637789907e-15,5.768432076074886e-14
445,100,0.36787944117144233,1.6365484516698188e-15,5.827491557949474e-14
446,100,0.36787944117144233,1.6989182546658592e-15,5.887696810934502e-14
447,100,0.36787944117144233,1.7106343765331028e-15,5.950196520746746e-14
448,100,0.36787944117144233,1.7672531291420717e-15,6.013127242595512e-14
449,100,0.36787944117144233,1.8145776973240627e-15,6.078140851951238e-14
450,100,0.36787944117144233,1.8374643946998882e-15,6.144895434876613e-14
451,100,0.36787944117144233,1.9038165106408478e-15,6.212491972346075e-14
452,100,0.36787944117144233,2.0312199673643525e-15,6.282529467748827e-14
453,100,0.36787944117144233,2.0375195565749006e-15,6.357253874397854e-14
454,100,0.36787944117144233,2.0871436291946763e-15,6.43221002998272e-14
455,100,0.36787944117144233,2.1472247897561076e-15,6.508991753177987e-14
456,100,0.36787944117144233,2.149822273990589e-15,6.587983738750481e-14
457,100,0.36787944117144233,2.1672273098609996e-15,6.66707128042784e-14
458,100,0.36787944117144233,2.205253412556316e-15,6.746799117592155e-14
459,100,0.36787944117144233,2.291821240404492e-15,6.827925856897419e-14
460,100,0.36787944117144233,2.3430048689731562e-15,6.912237248615904e-14
461,100,0.36787944117144233,2.4477526136045913e-15,6.998431580801885e-14
462,100,0.36787944117144233,2.4812887747997263e-15,7.088479367163764e-14
463,100,0.36787944117144233,2.4891644621296468e-15,7.179760879949593e-14
464,100,0.36787944117144233,2.524824251055007e-15,7.2713321230808e-14
465,100,0.36787944117144233,2.5302916784910716e-15,7.364215216534222e-14
466,100,0.36787944117144233,2.657039919883767e-15,7.457299445402626e-14
467,100,0.36787944117144233,2.7842481113892915e-15,7.555046481492331e-14
468,100,0.36787944117144233,2.860604841348537e-15,7.657473245422385e-14
469,100,0.36787944117144233,3.0662277130856327e-15,7.762709016467147e-14
470,100,0.36787944117144233,3.208723298813093e-15,7.87550923022658e-14
471,100,0.36787944117144233,3.2415781542759815e-15,7.993551563630695e-14
472,100,0.36787944117144233,3.2815976017076306e-15,8.112802559621556e-14
473,100,0.36787944117144233,3.4935111998403133e-15,8.23352578880813e-14
474,100,0.36787944117144233,4.165714173301133e-15,8.362044883600473e-14
475,100,0.36787944117144233,4.839859948968747e-15,8.515292943815871e-14
476,100,0.36787944117144233,5.289393612569064e-15,8.693341441153338e-14
477,100,0.36787944117144233,5.393359856611351e-15,8.887927357786108e-14
478,100,0.36787944117144233,5.512614937882018e-15,9.086337978794775e-14
479,100,0.36787944117144233,5.9453184574133705e-15,9.289135749068914e-14
480,100,0.36787944117144233,6.282422901923189e-15,9.507851792238863e-14
481,100,0.36787944117144233,6.333841625057599e-15,9.73896921487508e-14
482,100,0.36787944117144233,6.3651721523894735e-15,9.971978226624541e-14
483,100,0.36787944117144233,6.426903166335275e-15,1.0206139824062648e-13
484,100,0.36787944117144233,6.4434964262690284e-15,1.0442572378592087e-13
485,100,0.36787944117144233,6.952737935369649e-15,1.0679615365040691e-13
486,100,0.36787944117144233,8.480558011702732e-15,1.0935392299668218e-13
487,100,0.36787944117144233,8.881610441623018e-15,1.1247374593884938e-13
488,100,0.36787944117144233,1.0664524271361605e-14,1.157411078248161e-13
489,100,0.36787944117144233,1.1030100609797492e-14,1.196643670541239e-13
490,100,0.36787944117144233,1.217415930282347e-14,1.23722114302521e-13
491,100,0.36787944117144233,1.3439199529853649e-14,1.2820073722357581e-13
492,100,0.36787944117144233,1.3733337537254531e-14,1.3314474243640989e-13
493,100,0.36787944117144233,1.5982765036979836e-14,1.3819695497503388e-13
494,100,0.36787944117144233,1.879648875691884e-14,1.440766856452125e-13
495,100,0.36787944117144233,1.8820207261702222e-14,1.5099152742509311e-13
496,100,0.36787944117144233,2.2780869256150778e-14,1.5791509475525885e-13
497,100,0.36787944117144233,2.669783295264822e-14,1.6629570820661128e-13
498,100,0.36787944117144233,3.0122827842223184e-14,1.7611729207372002e-13
499,100,0.36787944117144233,3.6494390569140976e-14,1.8719886114682064e-13
500,100,0.36787944117144233,1.0219232706639626e-13,2.0062439715528859e-13
