max_level,L_per_level,max_points,C1,lam,beta,quantile
100,200,1000,20,10,10,0.36787944117144233
iteration,level,prior mass,likelihood,evidence
0,0,0.647030017974272,0.0,0.0
1,0,0.2189805349496345,2.4696370781379216e-194,0.0
2,0,0.2189805349496345,8.990406942590147e-194,5.408024485020944e-195
3,0,0.2189805349496345,6.704948253119588e-193,2.5095265702053927e-194
4,0,0.2189805349496345,2.9571404357035895e-191,1.7192058122982838e-193
5,0,0.2189805349496345,7.078123441321442e-186,6.647482526545501e-192
6,1,0.10667442011767157,4.4013717357561785e-183,1.5499779051026436e-186
7,1,0.04313471417006411,6.292837711056912e-180,4.710637555392026e-184
8,2,0.04313471417006411,1.6438432909242073e-179,2.719108197405796e-181
9,2,0.04313471417006411,2.3035344993923555e-178,9.80977924684512e-181
10,2,0.016931173404484735,9.847421695790529e-175,1.091720814590161e-179
11,3,0.006376346281369721,4.15827142232858e-171,1.668375763999736e-176
12,3,0.006376346281369721,3.79715090467862e-169,2.653126227833082e-173
13,4,0.006376346281369721,6.848321807962033e-169,2.4477261673630497e-171
14,4,0.0024581253387800967,1.5485525150329256e-166,6.814453296745236e-171
15,5,0.0024581253387800967,6.59973860753426e-165,3.874680708601533e-169
16,5,0.0024581253387800967,1.729253175206434e-162,1.6610452771365389e-167
17,6,0.0024581253387800967,2.216166313827363e-162,4.267331499912239e-165
18,6,0.000895240818178621,9.879930595877797e-159,9.714946070882163e-165
19,5,0.000895240818178621,9.990033366972535e-158,8.854632096272512e-162
20,4,0.0003313472486105322,3.6331789392656683e-155,9.828948854707468e-161
21,6,0.0003313472486105322,6.2664118977474605e-155,1.2136727940901185e-158
22,7,0.00012282941711758477,2.9749593763726466e-153,3.290031135069043e-158
23,7,0.00012282941711758477,3.5952963642964123e-153,3.983128374990361e-157
24,8,0.00012282941711758477,8.355656481273219e-153,8.399209942905362e-157
25,8,4.5219134029664525e-05,1.7751187341704963e-144,1.866241409520095e-156
26,9,4.5219134029664525e-05,2.46021029748881e-142,8.026933382526552e-149
27,9,1.665859935960785e-05,1.1313859820833193e-141,1.1205127252156e-146
28,10,1.665859935960785e-05,1.6245641662669618e-141,3.0052433048758477e-146
29,10,6.133814546620312e-06,2.8767800967951413e-138,5.711539662857515e-146
30,11,6.133814546620312e-06,2.5811663721985853e-137,1.7702751001778405e-143
31,11,2.2579242654480858e-06,1.8024122779641518e-134,1.7602670941216703e-142
32,12,8.309861103546516e-07,4.333690914326671e-134,4.087313089698035e-140
33,12,8.309861103546516e-07,8.975666850970969e-133,7.68855004607365e-140
34,13,8.309861103546516e-07,2.1976942436720892e-132,8.227509488934915e-139
35,13,8.309861103546516e-07,4.832860647945441e-132,2.6490043401913688e-138
36,14,1.1250755755392165e-07,4.978677537711636e-130,6.665044411913611e-138
37,14,1.1250755755392165e-07,7.550933274677574e-130,6.2678929373564495e-137
38,15,1.1250755755392165e-07,6.873450682635731e-129,1.4763263537222542e-136
39,15,4.139314665408601e-08,4.977028920300666e-127,9.20947783642907e-136
40,16,4.139314665408601e-08,7.775423175513821e-127,2.1522436583606186e-134
41,16,1.5228574113449224e-08,7.924115181175181e-126,5.370735976376846e-134
42,17,1.5228574113449224e-08,9.376765660488949e-125,1.7438033508380283e-133
43,17,1.5228574113449224e-08,1.5489149128967635e-124,1.6023280431358192e-132
44,18,5.602729416647392e-09,3.411623365756975e-123,3.9611045977833304e-132
45,18,5.602729416647392e-09,1.5389329304183575e-122,2.307550718763152e-131
46,19,2.0611075386982604e-09,1.696267892633419e-118,1.0929775518265459e-130
47,19,2.0611075386982604e-09,1.3458979878289927e-117,3.4972835187103777e-127
48,19,7.582399025555862e-10,5.839965145625156e-116,3.123768840904194e-126
49,20,2.789449963489393e-10,1.3636081630976322e-114,4.740471487037258e-125
50,20,2.789449963489393e-10,1.809617027280015e-114,4.277763889470254e-124
51,21,2.789449963489393e-10,4.185101984912641e-114,9.325600040146275e-124
52,21,2.789449963489393e-10,3.6321026449362674e-113,2.0999732619160227e-123
53,22,1.0261797482721407e-10,6.174530135203085e-110,1.2231541852223223e-122
54,22,1.0261797482721407e-10,3.1983558472826e-107,6.348409321693671e-120
55,23,3.775121894128893e-11,7.404302540865943e-107,3.288436407570882e-117
56,23,3.775121894128893e-11,1.4659146921428676e-106,6.083650870848603e-117
57,24,1.3887943683859135e-11,2.256152428430484e-104,1.1617657520082358e-116
58,24,5.109083669496568e-12,4.533490962381458e-103,3.2495083620252824e-115
59,25,5.109083669496568e-12,1.0061342350031236e-101,2.641149300373867e-114
60,25,5.109083669496568e-12,3.776519201465677e-101,5.404538919413267e-113
61,25,1.8795283963266137e-12,6.10186504806674e-96,2.4699091499161773e-112
62,25,1.8795283963266137e-12,7.322610794234722e-96,1.1468875619309287e-107
63,26,6.914398003254002e-13,5.60548298739937e-95,2.5231930542321225e-107
64,26,6.914398003254002e-13,6.683576025819566e-95,6.399047091766971e-107
65,27,6.914398003254002e-13,2.907846321538827e-94,1.1020337564519284e-106
66,27,6.914398003254002e-13,3.360510776371909e-94,3.1126344363936844e-106
67,27,6.914398003254002e-13,7.812817972305878e-94,5.436225336599633e-106
68,28,2.5436645642506233e-13,1.2407421698178947e-92,1.0838318635349505e-105
69,28,9.357622644805612e-14,1.1398498271763089e-91,4.2398637542721586e-105
70,29,9.357622644805612e-14,1.4059345691973493e-91,1.4906148308734952e-104
71,29,9.357622644805612e-14,2.804387848420864e-91,2.806235347057109e-104
72,30,9.357622644805612e-14,6.7516769162427295e-90,5.4304756705771856e-104
73,30,3.442477108469785e-14,1.188982529121537e-88,6.861012047242147e-103
74,31,3.442477108469785e-14,1.693145014786086e-88,4.779146343595615e-102
75,31,3.442477108469785e-14,2.0257657987552934e-88,1.0607759298316452e-101
76,31,3.442477108469785e-14,9.050121512839787e-87,1.758141168765256e-101
77,30,1.266416511912901e-14,4.222824113679338e-84,3.291297730558616e-100
78,27,1.266416511912901e-14,4.919303947199193e-84,5.3807671617730614e-98
79,29,1.266416511912901e-14,7.2517093045093815e-84,1.1610654907624429e-97
80,30,1.266416511912901e-14,4.613161976749319e-83,2.0794339310447528e-97
81,31,1.266416511912901e-14,9.45798168208868e-82,7.921618430528848e-97
82,31,4.6588858645188755e-15,4.654032212983575e-81,1.2769906014619742e-95
83,31,4.6588858645188755e-15,4.707868275154725e-81,3.445251090470442e-95
84,32,4.6588858645188755e-15,9.257506756517172e-81,5.6385931863839627e-95
85,32,4.6588858645188755e-15,3.708655892201488e-80,9.951559923246546e-95
86,33,1.7139083723598367e-15,4.081627417563201e-78,2.7229764435788694e-94
87,33,6.30511661733785e-16,6.350964109813007e-77,7.267833048172916e-93
88,34,2.319522798025305e-16,1.2076089283691333e-75,4.731140239307119e-92
89,34,2.319522798025305e-16,1.2637066933055593e-75,3.2741904643818244e-91
90,35,2.319522798025305e-16,1.6439713798093934e-75,6.205386949521242e-91
91,35,2.319522798025305e-16,5.8294688767061024e-74,1.0018616044290249e-90
92,36,8.533047620040325e-17,4.522147988688739e-73,1.4523447564327795e-89
93,36,3.1391327842498283e-17,2.1739024142222975e-71,5.311115169667838e-89
94,37,1.1548224136021005e-17,3.74186903935363e-70,7.355279855211849e-88
95,37,1.1548224136021005e-17,4.1222565475864907e-70,5.056722220930517e-87
96,38,4.2483542469454336e-18,2.8925908984389354e-69,9.81719647670141e-87
97,38,4.2483542469454336e-18,3.288420866028962e-69,2.210594730476017e-86
98,38,4.2483542469454336e-18,1.2861809971887409e-68,3.607632405669829e-86
99,39,1.5628821874520664e-18,6.106566909163858e-68,9.07178490741713e-86
100,39,1.5628821874520664e-18,6.579571251968375e-68,1.8615629556233543e-85
101,40,5.749522260045621e-19,3.836203968562233e-67,2.889872426700661e-85
102,40,5.749522260045621e-19,3.2584853415265136e-65,5.0955064378330526e-85
103,41,2.115131036632731e-19,2.1840636467784556e-59,1.9244284648922354e-83
104,41,7.781132238971731e-20,1.2267930359506016e-58,4.619600049567026e-78
105,42,7.781132238971731e-20,6.214872753472418e-58,1.4165438892148257e-77
106,42,2.862518580061625e-20,2.0277892003768642e-57,6.25241856352995e-77
107,43,2.862518580061625e-20,3.5021967882579864e-57,1.2057002826057029e-76
108,43,2.862518580061625e-20,6.424126198301324e-57,2.2082106203477662e-76
109,44,2.862518580061625e-20,1.3964054309670195e-56,4.047128680677585e-76
110,44,2.862518580061625e-20,2.0090252988014796e-56,8.044365172119639e-76
111,45,3.8739976284389314e-21,2.2216656435343104e-54,1.3795237417752731e-75
112,45,3.8739976284389314e-21,2.850533272262388e-54,9.986251176011443e-75
113,46,3.8739976284389314e-21,1.1055565799545976e-53,2.10292103125422e-74
114,46,1.4251640826849286e-21,1.0173079123973648e-52,6.385844600103387e-74
115,47,5.242885663237114e-22,5.015282299250729e-50,2.088415157790249e-73
116,47,5.242885663237114e-22,1.0750154581601205e-49,2.6503393179607545e-71
117,48,5.242885663237114e-22,2.3312266392972034e-49,8.286522451306728e-71
118,48,1.9287498479635765e-22,1.0882513131553306e-47,2.0508877176234473e-70
119,49,1.9287498479635765e-22,4.259721697594837e-47,2.304053326556851e-69
120,49,7.09547416225838e-23,4.477496738193728e-44,1.0519990903160041e-68
121,50,7.09547416225838e-23,5.8583907509739936e-43,3.187516232648137e-66
122,50,2.6102790696532003e-23,2.108798397833904e-42,4.475557643859758e-65
123,51,2.6102790696532003e-23,2.3010288475052977e-42,9.980109963843799e-65
124,51,9.602680054508693e-24,1.2952418523971444e-41,1.5986437403155103e-64
125,52,9.602680054508693e-24,1.351834941737462e-41,2.8424230504934057e-64
126,52,9.602680054508693e-24,1.2480408290259545e-40,4.140546893694431e-64
127,53,9.602680054508693e-24,1.3415920731703943e-40,1.6125083669794458e-63
128,53,9.602680054508693e-24,1.979291198940462e-40,2.900796311211477e-63
129,53,3.532628572193429e-24,1.366739128000232e-39,4.8014463230244946e-63
130,52,3.532628572193429e-24,1.645408515334354e-39,9.629628017332846e-63
131,51,3.532628572193429e-24,2.907144984008135e-39,1.5442245151533354e-62
132,53,1.2995814250070416e-24,2.958193759143977e-38,2.57121085855493e-62
133,54,1.2995814250070416e-24,7.753491621971643e-38,6.415624519510196e-62
134,54,3.76455598375181e-25,1.760942798510837e-37,1.6491918210372264e-61
135,55,3.76455598375181e-25,2.387943539360464e-37,2.3121085959550893e-61
136,55,8.493474539754407e-26,5.931261117668228e-37,3.211063309951181e-61
137,56,8.493474539754407e-26,1.649571350602235e-36,3.714833462866684e-61
138,56,1.547736363521161e-26,3.0771193753769773e-36,5.1158926896515216e-61
139,57,1.547736363521161e-26,3.790515328827987e-36,5.5921496448681685e-61
140,57,1.547736363521161e-26,4.918539983433882e-36,6.178821485959313e-61
141,58,1.547736363521161e-26,1.2904934684599344e-35,6.940081804738652e-61
142,58,2.1738098199635726e-26,4.993380732521214e-35,8.937425472760641e-61
143,59,5.710313834679956e-27,1.6946402466462914e-33,1.9792085543932154e-60
144,59,5.710313834679956e-27,1.7873179146918686e-33,1.1656136199622986e-59
145,60,5.710313834679956e-27,2.0899702517707773e-33,2.1862282414859296e-59
146,60,1.0057475625214348e-27,5.858177315720209e-33,3.3796668457615516e-59
147,61,1.0057475625214348e-27,1.1647169718818744e-32,3.968851601371948e-59
148,61,1.5422118032169593e-28,2.5874267635782394e-32,5.140262856869489e-59
149,62,1.5422118032169593e-28,3.2722010377273374e-32,5.539298866344471e-59
150,62,1.5422118032169593e-28,4.239694499936778e-32,6.04394157263266e-59
151,63,5.347945574498575e-29,1.8408094830367905e-31,6.697792262616312e-59
152,63,5.347945574498575e-29,1.986306121449991e-31,7.682247155446473e-59
153,64,5.347945574498575e-29,2.444271358716589e-31,8.744512858627265e-59
154,64,5.347945574498575e-29,2.712992989375964e-31,1.0051695878199465e-58
155,65,5.347945574498575e-29,4.89068523279328e-31,1.150258976331735e-58
156,65,5.347945574498575e-29,6.604691945196239e-31,1.4118101608015585e-58
157,65,1.762606391898366e-29,1.8240892148829537e-30,1.7650254913939445e-58
158,62,1.762606391898366e-29,2.0608572773382866e-30,2.086540622348501e-58
159,62,1.762606391898366e-29,2.1000423246461192e-30,2.449788643331174e-58
160,63,1.762606391898366e-29,2.1203465626146687e-30,2.8199434457990093e-58
161,64,1.762606391898366e-29,4.141705628126625e-30,3.193677086229443e-58
162,64,1.762606391898366e-29,5.5898249360994215e-30,3.923696767579186e-58
163,64,9.072571567488248e-30,7.108691633775277e-30,4.908962883775357e-58
164,63,9.072571567488248e-30,7.888831538510122e-30,5.5539040197616685e-58
165,65,9.072571567488248e-30,8.218358584534006e-30,6.269623906931584e-58
166,66,9.072571567488248e-30,9.005199695865753e-30,7.015240371186246e-58
167,66,9.072571567488248e-30,9.015963619645109e-30,7.832243558388901e-58
168,67,9.072571567488248e-30,1.0691569335115232e-29,8.650223310279907e-58
169,67,9.072571567488248e-30,1.31261667916386e-29,9.620223589895863e-58
170,68,9.072571567488248e-30,1.7180411685998104e-29,1.0811104466135152e-57
171,68,9.072571567488248e-30,2.3439039767107913e-29,1.2369809611936445e-57
172,67,9.072571567488248e-30,3.441489466334444e-29,1.4496333269539342e-57
173,66,1.7839114305263743e-30,5.252720355857657e-29,1.7618649217746958e-57
174,69,1.7839114305263743e-30,7.178079756946277e-29,1.855568800616426e-57
175,69,1.7839114305263743e-30,1.8090813615924481e-28,1.9836193858928906e-57
176,70,1.7839114305263743e-30,2.762730894509847e-28,2.306343477862589e-57
177,70,1.7839114305263743e-30,5.440484840459507e-28,2.799190200081036e-57
178,70,6.077694296037595e-31,1.8793928601197266e-27,3.7697245095311535e-57
179,70,6.077694296037595e-31,2.258130763208397e-27,4.911962036127498e-57
180,71,6.077694296037595e-31,2.626574104936638e-27,6.284384882053368e-57
181,71,6.077694296037595e-31,6.661187184249655e-27,7.880736327622714e-57
182,72,6.077694296037595e-31,6.701364389803372e-27,1.1929202263078e-56
183,72,6.077694296037595e-31,8.733184839666581e-27,1.600208667583574e-56
184,73,6.077694296037595e-31,1.4363932287423472e-26,2.1309849444464096e-56
185,73,2.3284410830397368e-31,3.7172446714551127e-26,3.003980837765848e-56
186,74,2.3284410830397368e-31,4.0094747181456875e-26,3.8695193586385115e-56
187,74,2.3284410830397368e-31,4.541926185084218e-26,4.80310192415247e-56
188,75,2.3284410830397368e-31,7.054155676163285e-26,5.860662676700874e-56
189,75,2.3284410830397368e-31,7.51400318405002e-26,7.503181264954529e-56
190,74,2.3284410830397368e-31,7.824842597653639e-26,9.252772636137875e-56
191,76,6.661034151388813e-32,8.532185744583652e-26,1.1074741133407485e-55
192,76,6.661034151388813e-32,8.820893194964653e-26,1.1643072939714131e-55
193,76,6.661034151388813e-32,8.863980618680699e-26,1.2230635647888258e-55
194,75,6.661034151388813e-32,1.2377285175039402e-25,1.2821068424071065e-55
195,77,6.661034151388813e-32,1.6457558177855242e-25,1.3645523616595224e-55
196,77,6.661034151388813e-32,1.662171281145534e-25,1.4741767187306844e-55
197,78,6.661034151388813e-32,1.706661837988932e-25,1.5848945154223654e-55
198,78,6.661034151388813e-32,2.4722180045543884e-25,1.6985758432995282e-55
199,79,6.661034151388813e-32,3.0933244404296025e-25,1.8632511288796792e-55
200,79,6.661034151388813e-32,5.198133310923777e-25,2.069298526269952e-55
201,80,6.661034151388813e-32,6.807872354987994e-25,2.4155479613453028e-55
202,80,3.109792319177363e-32,1.111632835851868e-24,2.8690226638940107e-55
203,81,3.109792319177363e-32,2.0972468207415352e-24,3.2147173893617596e-55
204,81,3.109792319177363e-32,2.4919306794345407e-24,3.866917594817877e-55
205,82,3.109792319177363e-32,2.933608866232123e-24,4.641856283500673e-55
206,82,8.99193842150624e-33,6.878539038211502e-24,5.5541477154686e-55
207,83,8.99193842150624e-33,7.081357529041506e-24,6.1726617100838455e-55
208,83,8.99193842150624e-33,1.2207489115931274e-23,6.809413018501953e-55
209,84,8.99193842150624e-33,1.4671397892765338e-23,7.907102922618569e-55
210,84,8.99193842150624e-33,1.68549768668851e-23,9.226345986710192e-55
211,85,8.99193842150624e-33,1.9041570960469062e-23,1.0741935127539623e-54
212,85,8.99193842150624e-33,2.0526070513835008e-23,1.2454141462792415e-54
213,86,8.99193842150624e-33,2.8064043928149e-23,1.4299833083751408e-54
214,86,8.99193842150624e-33,3.289748743138496e-23,1.6823334632355027e-54
215,87,8.99193842150624e-33,3.565942187512908e-23,1.9781456444407918e-54
216,87,3.253965927546549e-33,6.028419646584015e-23,2.298792970088465e-54
217,88,3.253965927546549e-33,6.469444310169783e-23,2.494955691357831e-54
218,88,3.253965927546549e-33,6.556793780386026e-23,2.705469204912355e-54
219,88,3.253965927546549e-33,6.720971246600436e-23,2.918825040465607e-54
220,89,3.253965927546549e-33,7.379358469536191e-23,3.137523154830186e-54
221,89,3.253965927546549e-33,7.409215373947938e-23,3.377644965100414e-54
222,90,3.253965927546549e-33,7.766557910671789e-23,3.618738308867221e-54
223,90,3.253965927546549e-33,8.109095255488573e-23,3.871459457023652e-54
224,90,3.253965927546549e-33,9.069309053361644e-23,4.1353266536695437e-54
225,91,3.253965927546549e-33,9.234370181350472e-23,4.430438880129826e-54
226,91,3.253965927546549e-33,1.1304589058448558e-22,4.730922139454489e-54
227,92,3.253965927546549e-33,1.2314894309026414e-22,5.0987696156655603e-54
228,92,8.315852420135488e-34,1.9665766645371229e-22,5.49949208049465e-54
229,93,8.315852420135488e-34,2.254663164766999e-22,5.663029693646379e-54
230,93,8.315852420135488e-34,2.5800919685537853e-22,5.85052415499956e-54
231,91,8.315852420135488e-34,2.6845731305940166e-22,6.06508079540826e-54
232,93,3.121416196918504e-34,3.8727612136289104e-22,6.28832593505907e-54
233,94,3.121416196918504e-34,4.0805094978630826e-22,6.40921093084926e-54
234,94,3.121416196918504e-34,4.149614661194571e-22,6.536580615232357e-54
235,95,3.121416196918504e-34,4.6199598334328775e-22,6.666107359376589e-54
236,95,3.121416196918504e-34,5.432623685970649e-22,6.810315533908492e-54
237,96,3.121416196918504e-34,6.698087793400218e-22,6.97989032956001e-54
238,96,3.121416196918504e-34,8.045419406412253e-22,7.188965526827026e-54
239,97,3.121416196918504e-34,8.166157463091935e-22,7.440096551288803e-54
240,97,3.121416196918504e-34,8.480813771786837e-22,7.694996313007624e-54
241,98,3.121416196918504e-34,8.526783184005207e-22,7.959717807710673e-54
242,98,3.121416196918504e-34,1.1772355857781406e-21,8.225874199092335e-54
243,97,3.121416196918504e-34,1.2510665622601289e-21,8.593338421596008e-54
244,97,1.2730139130493669e-34,1.3589584126496245e-21,8.9838483646822e-54
245,96,1.2730139130493669e-34,1.4657617439078353e-21,9.156845661338046e-54
246,95,1.2730139130493669e-34,1.4928735777180948e-21,9.343439170659064e-54
247,96,1.2730139130493669e-34,1.5805496315382217e-21,9.533484054144955e-54
248,97,1.2730139130493669e-34,1.704665388945685e-21,9.734690221266276e-54
249,97,1.2730139130493669e-34,1.9840934031192407e-21,9.951696496988433e-54
250,96,1.2730139130493669e-34,2.0467385348675593e-21,1.0204274347684459e-53
251,96,1.2730139130493669e-34,2.166401433365887e-21,1.0464827010810527e-53
252,96,1.2730139130493669e-34,2.4275819785026453e-21,1.0740612927403013e-53
253,97,1.2730139130493669e-34,2.475001861480992e-21,1.1049647490773191e-53
254,97,1.2730139130493669e-34,2.8318119941726256e-21,1.136471867122203e-53
255,96,1.2730139130493669e-34,3.410558165166874e-21,1.1725212277994212e-53
256,96,7.193986587513704e-35,3.805922389516084e-21,1.2159381077546368e-53
257,96,7.193986587513704e-35,4.076189263745146e-21,1.2433178623779337e-53
258,92,7.193986587513704e-35,4.435195111749467e-21,1.2726419132694837e-53
259,92,7.193986587513704e-35,5.873876070376605e-21,1.3045486474164158e-53
260,93,7.193986587513704e-35,6.242682955504326e-21,1.346805233083423e-53
261,93,7.193986587513704e-35,7.100038236460045e-21,1.3917150105354216e-53
262,96,7.193986587513704e-35,1.1915657581326431e-20,1.4427925903793495e-53
263,95,7.193986587513704e-35,1.2608586105036664e-20,1.5285136712008177e-53
264,94,7.193986587513704e-35,1.9034193613063814e-20,1.6192196705279632e-53
265,93,7.193986587513704e-35,2.521821948873985e-20,1.7561514040844833e-53
266,94,1.691328087799594e-35,3.5872647120937086e-20,1.9375709368474545e-53
267,96,1.691328087799594e-35,3.7191320368422435e-20,1.9982433525068186e-53
268,95,1.691328087799594e-35,3.798610083739441e-20,2.0611460772682847e-53
269,97,1.691328087799594e-35,3.889440918230991e-20,2.1253930365605573e-53
270,98,1.691328087799594e-35,4.0664128241757527e-20,2.1911762432689685e-53
271,99,1.691328087799594e-35,4.066691031220818e-20,2.2599526255301377e-53
272,99,1.691328087799594e-35,4.0936846853280663e-20,2.3287337131852026e-53
273,99,1.691328087799594e-35,4.214142583700647e-20,2.3979713520941067e-53
274,100,1.691328087799594e-35,4.599981394183298e-20,2.469246329272159e-53
275,99,1.691328087799594e-35,6.431696929437374e-20,2.5470471066255365e-53
276,97,1.691328087799594e-35,6.526065849796632e-20,2.655828203315255e-53
277,98,1.691328087799594e-35,1.3929473317723347e-19,2.7662053880611623e-53
278,99,1.691328087799594e-35,1.4592847314452558e-19,3.0017984827663674e-53
279,97,5.4249779784979226e-36,1.6668539112491773e-19,3.248611408205412e-53
280,99,5.4249779784979226e-36,1.7269820417643985e-19,3.3390378658244114e-53
281,100,5.4249779784979226e-36,1.961325492285136e-19,3.432726261282744e-53
282,100,5.4249779784979226e-36,1.9768585188449433e-19,3.5391277373258784e-53
283,100,5.4249779784979226e-36,2.1657671087732537e-19,3.6463718766392765e-53
284,99,5.4249779784979226e-36,2.536756129178197e-19,3.7638642653557767e-53
285,97,5.4249779784979226e-36,2.5570996861754355e-19,3.90148272673189e-53
286,96,5.4249779784979226e-36,3.033442116747759e-19,4.040204821595147e-53
287,93,5.4249779784979226e-36,3.1326960797755456e-19,4.204768388419194e-53
288,93,5.4249779784979226e-36,3.1762129122173456e-19,4.374716460880286e-53
289,96,5.4249779784979226e-36,3.4113758782812663e-19,4.547025311918284e-53
290,95,1.8214918838724734e-36,4.0879306767827116e-19,4.732091702078834e-53
291,94,1.8214918838724734e-36,4.2663393002791023e-19,4.806553027574764e-53
292,95,1.8214918838724734e-36,4.844487793638823e-19,4.88426405166781e-53
293,96,1.8214918838724734e-36,5.361205009812882e-19,4.972506003644133e-53
294,92,1.8214918838724734e-36,6.091463608734346e-19,5.070159917775639e-53
295,90,1.8214918838724734e-36,6.618546968156329e-19,5.18111543301778e-53
296,88,1.8214918838724734e-36,6.802090759861674e-19,5.301671728873036e-53
297,88,1.8214918838724734e-36,8.548990940719784e-19,5.425571259997556e-53
298,91,1.8214918838724734e-36,8.757529546545359e-19,5.58129043613576e-53
299,91,7.195322118911081e-37,1.1565828535129486e-18,5.740808126053817e-53
300,88,7.195322118911081e-37,1.1657315487553985e-18,5.8240279879361675e-53
301,86,7.195322118911081e-37,1.2882366125642767e-18,5.907906127910889e-53
302,84,7.195322118911081e-37,1.4511254468230528e-18,6.000598901838638e-53
303,86,7.195322118911081e-37,1.6257683059615189e-18,6.105012052087044e-53
304,83,7.195322118911081e-37,1.86907843286296e-18,6.2219913186081395e-53
305,85,7.195322118911081e-37,1.918231892529306e-18,6.3564775325077245e-53
306,84,7.195322118911081e-37,1.99063452831154e-18,6.4945004961628925e-53
307,83,7.195322118911081e-37,2.2741767491524676e-18,6.637733062685174e-53
308,81,7.195322118911081e-37,3.181531080294254e-18,6.801367405340075e-53
309,78,7.195322118911081e-37,3.447844097806969e-18,7.030288814880518e-53
310,77,7.195322118911081e-37,3.9853198412563315e-18,7.278372303875593e-53
311,79,7.195322118911081e-37,4.074934876813138e-18,7.5651289039228625e-53
312,78,7.195322118911081e-37,6.2660284640893055e-18,7.858333594445421e-53
313,73,2.0943505886166672e-37,7.457157766174118e-18,8.309194526499303e-53
314,73,2.0943505886166672e-37,7.547041090715981e-18,8.465373554069245e-53
315,71,2.0943505886166672e-37,9.633920852401796e-18,8.623435053575797e-53
316,71,2.0943505886166672e-37,1.0849493857678887e-17,8.825203131654937e-53
317,70,2.0943505886166672e-37,1.0957353468700657e-17,9.052429570125163e-53
318,74,2.0943505886166672e-37,1.1911788323275949e-17,9.281914966993704e-53
319,75,2.0943505886166672e-37,1.395641567686202e-17,9.531389575857005e-53
320,74,2.0943505886166672e-37,1.498350026572655e-17,9.823685849735153e-53
321,72,6.511686862876355e-38,1.7041337578021463e-17,1.0137492875745776e-52
322,74,6.511686862876355e-38,1.8115456325530825e-17,1.024846072977842e-52
323,72,6.511686862876355e-38,1.9499265468360866e-17,1.036642290874839e-52
324,72,6.511686862876355e-38,2.054150669876522e-17,1.0493396019534454e-52
325,75,6.511686862876355e-38,2.251613522630027e-17,1.062715587884849e-52
326,76,6.511686862876355e-38,2.2516259233505673e-17,1.0773773900804338e-52
327,77,6.511686862876355e-38,2.3694769791124985e-17,1.0920392730256275e-52
328,82,6.511686862876355e-38,2.6583401768447756e-17,1.1074685651424023e-52
329,81,6.511686862876355e-38,2.781404214204456e-17,1.1247788439490188e-52
330,82,6.511686862876355e-38,2.9652998419917087e-17,1.1428904772310029e-52
331,83,6.511686862876355e-38,3.069924607783029e-17,1.1621995812565895e-52
332,86,6.511686862876355e-38,3.1753609809679007e-17,1.1821899689951111e-52
333,86,6.511686862876355e-38,3.384333094757542e-17,1.20286692537977e-52
334,84,6.511686862876355e-38,3.550045202972431e-17,1.2249046427325004e-52
335,83,6.511686862876355e-38,3.5642010218846544e-17,1.2480214254433133e-52
336,86,6.511686862876355e-38,3.6034678252960134e-17,1.2712303864141701e-52
337,87,2.2306186726379242e-38,4.114511101875608e-17,1.2946950405129478e-52
338,87,2.2306186726379242e-38,4.2746299376910484e-17,1.3038729458055676e-52
339,87,2.2306186726379242e-38,4.330534398737763e-17,1.3134080151631983e-52
340,87,2.2306186726379242e-38,4.4277770789481445e-17,1.3230677860555236e-52
341,87,2.2306186726379242e-38,4.4953052482817914e-17,1.3329444682861036e-52
342,87,2.2306186726379242e-38,4.4974289250902434e-17,1.3429717801121283e-52
343,83,2.2306186726379242e-38,4.6383834858855375e-17,1.3530038290512965e-52
344,85,2.2306186726379242e-38,4.9866159207411565e-17,1.3633502938657681e-52
345,82,2.2306186726379242e-38,5.0232955156659255e-17,1.3744735324518468e-52
346,78,2.2306186726379242e-38,6.721366423537087e-17,1.3856785892272697e-52
347,79,2.2306186726379242e-38,6.81362517248355e-17,1.4006713946772532e-52
348,80,2.2306186726379242e-38,6.984248924733425e-17,1.4158699942153507e-52
349,80,2.2306186726379242e-38,7.59503967371723e-17,1.4314491902812124e-52
350,82,2.2306186726379242e-38,7.701934701013414e-17,1.4483908275968319e-52
351,81,2.2306186726379242e-38,7.706864702324729e-17,1.4655709069563504e-52
352,83,2.2306186726379242e-38,9.911703282409e-17,1.48276198326885e-52
353,84,2.2306186726379242e-38,1.1179503375454622e-16,1.5048712136882382e-52
354,83,2.2306186726379242e-38,1.5261375982141416e-16,1.529808422668346e-52
355,84,7.459553167571804e-39,1.6909289867168603e-16,1.5638507329042585e-52
356,83,7.459553167571804e-39,1.7373669605475305e-16,1.5764643075832612e-52
357,85,7.459553167571804e-39,1.741721588369325e-16,1.5894242887970482e-52
358,86,7.459553167571804e-39,2.0365456332468693e-16,1.6024167535885969e-52
359,81,7.459553167571804e-39,2.0830711397179727e-16,1.617608474017988e-52
360,79,7.459553167571804e-39,2.1841572494654894e-16,1.6331472539365487e-52
361,77,7.459553167571804e-39,2.21061634447184e-16,1.649440091065274e-52
362,77,7.459553167571804e-39,2.219517438669978e-16,1.665930301219965e-52
363,76,7.459553167571804e-39,2.3131759322407104e-16,1.6824869095600763e-52
364,76,7.459553167571804e-39,2.400850699017682e-16,1.6997421684125734e-52
365,77,7.459553167571804e-39,2.440009138902118e-16,1.717651441849298e-52
366,78,7.459553167571804e-39,2.4685647607006845e-16,1.7358528197502992e-52
367,84,7.459553167571804e-39,2.5324849506956545e-16,1.75426720983034e-52
368,84,7.459553167571804e-39,2.614040662407357e-16,1.77315841596613e-52
369,86,7.459553167571804e-39,2.6216368392587825e-16,1.792657991269552e-52
370,87,7.459553167571804e-39,2.8405492711671753e-16,1.812214230658068e-52
371,88,7.459553167571804e-39,2.862987452866956e-16,1.8334034589714467e-52
372,91,7.459553167571804e-39,2.988535471086479e-16,1.8547600660941986e-52
373,90,7.459553167571804e-39,3.018366785443626e-16,1.8770532053339426e-52
374,91,7.459553167571804e-39,3.0260327270606593e-16,1.899568872849192e-52
375,90,2.4385748461551204e-39,3.110498228502413e-16,1.9221417248635134e-52
376,88,2.4385748461551204e-39,3.1265929481371036e-16,1.9297269076025493e-52
377,88,2.4385748461551204e-39,3.1559617672783705e-16,1.9373513385200425e-52
378,88,2.4385748461551204e-39,3.455311713856109e-16,1.945047387501155e-52
379,91,2.4385748461551204e-39,3.4852793552648645e-16,1.9534734237321894e-52
380,91,2.4385748461551204e-39,3.5299444482399895e-16,1.961972538299762e-52
381,91,2.4385748461551204e-39,3.5655420819748634e-16,1.970580572039565e-52
382,89,2.4385748461551204e-39,3.582333232564831e-16,1.9792754132735764e-52
383,91,2.4385748461551204e-39,3.5989609525879997e-16,1.9880112009850545e-52
384,89,2.4385748461551204e-39,3.6038239495507483e-16,1.99678753663633e-52
385,91,2.4385748461551204e-39,3.8542098926819063e-16,2.0055757310696757e-52
386,92,2.4385748461551204e-39,4.121692824459446e-16,2.014974510365772e-52
387,93,2.4385748461551204e-39,4.1269615677418154e-16,2.025025566811077e-52
388,92,2.4385748461551204e-39,4.1632482255833764e-16,2.035089471481221e-52
389,93,2.4385748461551204e-39,4.229261941605137e-16,2.0452418638824285e-52
390,94,2.4385748461551204e-39,4.350403997730334e-16,2.055555235671028e-52
391,95,2.4385748461551204e-39,4.62792836494496e-16,2.066164021430506e-52
392,95,2.4385748461551204e-39,4.69476367791234e-16,2.0774495711310683e-52
393,94,2.4385748461551204e-39,4.893155112611283e-16,2.088898103744668e-52
394,95,2.4385748461551204e-39,5.007677090137828e-16,2.100830428720617e-52
395,95,2.4385748461551204e-39,5.448481952766893e-16,2.1130420241102943e-52
396,94,2.4385748461551204e-39,5.623868896505071e-16,2.1263285551500416e-52
397,92,2.4385748461551204e-39,5.801965859038377e-16,2.140042780379133e-52
398,94,2.4385748461551204e-39,5.817805172155851e-16,2.154191308381235e-52
399,96,7.830962120685224e-40,5.979389114802229e-16,2.1683784617338852e-52
400,97,7.830962120685224e-40,6.036355887729269e-16,2.1730608987001707e-52
401,97,7.830962120685224e-40,6.253828439207359e-16,2.177787946130549e-52
402,97,7.830962120685224e-40,7.029891041718095e-16,2.1826852954922187e-52
403,99,7.830962120685224e-40,7.077156324214735e-16,2.1881903765382427e-52
404,98,7.830962120685224e-40,7.143287212652944e-16,2.193732470847952e-52
405,100,7.830962120685224e-40,7.280241506061001e-16,2.199326352005898e-52
406,100,7.830962120685224e-40,7.3887882185622965e-16,2.205027481552238e-52
407,100,7.830962120685224e-40,7.860533123781882e-16,2.2108136136179706e-52
408,100,7.830962120685224e-40,7.917991272145594e-16,2.2169691673320433e-52
409,99,7.830962120685224e-40,7.970358608878647e-16,2.2231697163044522e-52
410,98,7.830962120685224e-40,8.001441663991064e-16,2.229411273939893e-52
411,98,7.830962120685224e-40,8.68363283983371e-16,2.2356771725980517e-52
412,99,7.830962120685224e-40,9.810724106007864e-16,2.2424772925819195e-52
413,99,7.830962120685224e-40,1.008725965216844e-15,2.2501600334669837e-52
414,100,7.830962120685224e-40,1.05606464560169e-15,2.2580593282907486e-52
415,99,7.830962120685224e-40,1.1546428911226473e-15,2.26632933052745e-52
416,97,2.567235079447976e-40,1.2887769659998388e-15,2.27537129527075e-52
417,96,2.567235079447976e-40,1.3091732873600499e-15,2.2786798887074494e-52
418,95,2.567235079447976e-40,1.314967808593296e-15,2.282040844295836e-52
419,95,2.567235079447976e-40,1.3195662336829314e-15,2.2854166757824015e-52
420,97,2.567235079447976e-40,1.4012337828889674e-15,2.2888043125071674e-52
421,97,2.567235079447976e-40,1.4110345245463964e-15,2.2924016090291075e-52
422,97,2.567235079447976e-40,1.4543404869302742e-15,2.2960240663588353e-52
423,96,2.567235079447976e-40,1.4689906353519157e-15,2.299757700274344e-52
424,93,2.567235079447976e-40,1.6542959881699218e-15,2.3035289445648e-52
425,92,2.567235079447976e-40,1.7399311913680042e-15,2.30777591125742e-52
426,92,2.567235079447976e-40,1.765005189620902e-15,2.3122427236477257e-52
427,94,2.567235079447976e-40,1.783879176374792e-15,2.3167739068859283e-52
428,94,2.567235079447976e-40,1.8354334019825184e-15,2.3213535440850144e-52
429,96,2.567235079447976e-40,1.8688947948732874e-15,2.3260655331005745e-52
430,95,2.567235079447976e-40,1.9362778154009586e-15,2.330863425377771e-52
431,93,2.567235079447976e-40,1.9599572737132816e-15,2.335834305709025e-52
432,94,2.567235079447976e-40,2.127818170191706e-15,2.340865976776321e-52
433,96,2.567235079447976e-40,2.3081843314731713e-15,2.3463285862255237e-52
434,96,2.567235079447976e-40,2.4337387565731715e-15,2.352254238011114e-52
435,96,2.567235079447976e-40,2.5836186233529604e-15,2.3585022175212008e-52
436,97,2.567235079447976e-40,2.67715372861885e-15,2.3651349738829877e-52
437,97,2.567235079447976e-40,2.8258822668373786e-15,2.372007856848173e-52
438,99,2.567235079447976e-40,2.9203594746622004e-15,2.3792625609339878e-52
439,98,2.567235079447976e-40,3.0943198742868167e-15,2.3867598102219387e-52
440,100,2.567235079447976e-40,3.4658660848260526e-15,2.394703656750241e-52
441,100,2.567235079447976e-40,3.594825127396907e-15,2.4036013497438753e-52
442,99,2.567235079447976e-40,3.6440745789290346e-15,2.4128301109154098e-52
443,99,1.7795069509817175e-40,3.685290845074414e-15,2.422185307006561e-52
444,100,1.7795069509817175e-40,3.700614779462235e-15,2.42874330768176e-52
445,100,1.7795069509817175e-40,3.872287014695923e-15,2.435328577404719e-52
446,100,1.7795069509817175e-40,4.155877766104787e-15,2.4422193390635666e-52
447,99,1.7795069509817175e-40,4.755232214288478e-15,2.4496147524357805e-52
448,100,1.7795069509817175e-40,4.98942103737561e-15,2.458076721214639e-52
449,98,1.7795069509817175e-40,5.025492818800414e-15,2.4669554306320234e-52
450,99,1.7795069509817175e-40,5.095290411891112e-15,2.4758983300351876e-52
451,98,1.7795069509817175e-40,5.2144767285249075e-15,2.4849654347404183e-52
452,100,1.7795069509817175e-40,5.222386337629975e-15,2.4942446323245606e-52
453,99,1.7795069509817175e-40,5.516493537912513e-15,2.503537905113085e-52
454,98,1.7795069509817175e-40,5.6612072892325125e-15,2.513354543708846e-52
455,98,1.7795069509817175e-40,5.663238262616466e-15,2.5234287014309835e-52
456,99,1.7795069509817175e-40,5.764913242809363e-15,2.533506473284375e-52
457,98,1.7795069509817175e-40,6.464424557387629e-15,2.543765176471761e-52
458,98,1.7795069509817175e-40,7.719117961060433e-15,2.5552686649057292e-52
459,99,1.7795069509817175e-40,7.850055090141001e-15,2.5690048889728842e-52
460,97,1.7795069509817175e-40,7.87265322072134e-15,2.5829741165713795e-52
461,97,1.7795069509817175e-40,8.381781680172395e-15,2.5969835577003217e-52
462,97,1.7795069509817175e-40,9.039317832940441e-15,2.6118989964617998e-52
463,97,1.7795069509817175e-40,9.9211983176846e-15,2.6279845253776503e-52
464,95,1.7795069509817175e-40,1.1178743318202677e-14,2.645639366746038e-52
465,96,1.7795069509817175e-40,1.2408241865981595e-14,2.66553201818402e-52
466,97,1.7795069509817175e-40,1.2932746006303858e-14,2.6876125708339966e-52
467,97,1.7795069509817175e-40,1.613136585652473e-14,2.7106264822474955e-52
468,97,1.7795069509817175e-40,1.635806932700411e-14,2.7393323599180104e-52
469,98,1.7795069509817175e-40,1.6394255189784593e-14,2.768441657990055e-52
470,99,1.7795069509817175e-40,2.012810362790111e-14,2.7976153490564447e-52
471,98,1.7795069509817175e-40,2.1078617494897673e-14,2.833433449372375e-52
472,100,1.7795069509817175e-40,2.2997645156049638e-14,2.8709429957216303e-52
473,100,1.7795069509817175e-40,2.6487695899219745e-14,2.9118674651330317e-52
474,100,4.878905291431711e-41,3.3673795126060195e-14,2.959002504101183e-52
475,100,4.878905291431711e-41,3.610885086622661e-14,2.9754316298234954e-52
476,99,4.878905291431711e-41,3.8628358875681776e-14,2.9930487961793703e-52
477,99,4.878905291431711e-41,4.4619159299270626e-14,3.011895206631159e-52
478,98,4.878905291431711e-41,4.913111715831333e-14,3.0336644718716034e-52
479,99,4.878905291431711e-41,5.143274556921338e-14,3.0576350786193682e-52
480,99,4.878905291431711e-41,5.70041074287158e-14,3.0827286280704176e-52
481,100,4.878905291431711e-41,5.73925680500456e-14,3.110540392207148e-52
482,100,4.878905291431711e-41,6.543916707842055e-14,3.13854168260197e-52
483,99,4.878905291431711e-41,7.142170322172582e-14,3.170468832454549e-52
484,100,4.878905291431711e-41,7.421361303784902e-14,3.2053148050317032e-52
485,99,4.878905291431711e-41,7.83666679536384e-14,3.2415229239663658e-52
486,98,4.878905291431711e-41,8.001956328761597e-14,3.2797572790614537e-52
487,98,4.878905291431711e-41,8.332106217883891e-14,3.3187980661356542e-52
488,99,4.878905291431711e-41,9.071001416640911e-14,3.359449623250859e-52
489,98,4.878905291431711e-41,1.0185241222195672e-13,3.403706180061092e-52
490,97,4.878905291431711e-41,1.1162753971110744e-13,3.453399007354571e-52
491,98,4.878905291431711e-41,1.1849002181751566e-13,3.5078610267711735e-52
492,97,4.878905291431711e-41,1.2050978810834203e-13,3.565671186213907e-52
493,97,4.878905291431711e-41,1.3555261107481302e-13,3.624466770501018e-52
494,99,4.878905291431711e-41,1.427008023975516e-13,3.690601605645047e-52
495,99,4.878905291431711e-41,1.6015779047310647e-13,3.760223975635943e-52
496,97,4.878905291431711e-41,1.7661402086803384e-13,3.838363444776268e-52
497,96,1.9422006411955323e-41,1.9530052123685145e-13,3.924531752871676e-52
498,96,1.9422006411955323e-41,1.9896065573415486e-13,3.9624630326288796e-52
499,94,1.9422006411955323e-41,2.0409431932001583e-13,4.001105183942836e-52
500,95,1.9422006411955323e-41,2.1531441001192225e-13,4.040744395727605e-52
501,92,1.9422006411955323e-41,2.2227885022290607e-13,4.0825627742459845e-52
502,93,1.9422006411955323e-41,2.3925721807894396e-13,4.125733786788698e-52
503,96,1.9422006411955323e-41,2.4022955069308195e-13,4.172202339025056e-52
504,95,1.9422006411955323e-41,2.5457510716288904e-13,4.218859737764078e-52
505,93,1.9422006411955323e-41,2.586330794033843e-13,4.268303331400497e-52
506,93,1.9422006411955323e-41,2.5891647440642996e-13,4.3185350646656595e-52
507,93,1.9422006411955323e-41,2.6633523573317355e-13,4.368821838926485e-52
508,91,1.9422006411955323e-41,2.792732490674498e-13,4.420549485487878e-52
509,89,1.9422006411955323e-41,2.829781263264358e-13,4.4747899538286345e-52
510,88,1.9422006411955323e-41,3.2286671262899937e-13,4.529749983668186e-52
511,91,1.9422006411955323e-41,3.3729757846361894e-13,4.59245717729706e-52
512,89,1.9422006411955323e-41,3.377292105681602e-13,4.657967134613634e-52
513,92,1.9422006411955323e-41,3.3789598421119356e-13,4.7235609235452285e-52
514,93,1.9422006411955323e-41,3.488804703327848e-13,4.789187103264466e-52
515,91,1.9422006411955323e-41,3.5999996142875073e-13,4.856946690582559e-52
516,91,1.9422006411955323e-41,3.6542496659011294e-13,4.926865906174288e-52
517,90,1.9422006411955323e-41,3.8391036946147023e-13,4.997838766616306e-52
518,89,5.45572653017645e-42,4.642680127898868e-13,5.072401863189274e-52
519,91,5.45572653017645e-42,4.855012875982386e-13,5.0977310563341746e-52
520,90,5.45572653017645e-42,5.035277931567831e-13,5.12421867888602e-52
521,88,5.45572653017645e-42,5.281663314444751e-13,5.151689778284087e-52
522,88,5.45572653017645e-42,5.335000191630686e-13,5.1805050889521624e-52
523,88,5.45572653017645e-42,5.488164993125676e-13,5.209611391036138e-52
524,88,5.45572653017645e-42,5.529106111415199e-13,5.2395533183911196e-52
525,89,5.45572653017645e-42,5.593750261714004e-13,5.269718609291328e-52
526,91,5.45572653017645e-42,5.728134710261869e-13,5.300236580997342e-52
527,92,5.45572653017645e-42,6.309711809092584e-13,5.3314877175045424e-52
528,95,5.45572653017645e-42,6.444901750517755e-13,5.365911779619177e-52
529,94,5.45572653017645e-42,6.465727805869225e-13,5.401073401083857e-52
530,95,5.45572653017645e-42,6.746714082771592e-13,5.436348643811237e-52
531,93,5.45572653017645e-42,6.991601197574609e-13,5.473156870824129e-52
532,94,5.45572653017645e-42,7.545194590410484e-13,5.51130113496615e-52
533,96,5.45572653017645e-42,8.229356739317478e-13,5.552465653268396e-52
534,96,5.45572653017645e-42,8.38113394120869e-13,5.597362773157377e-52
535,96,5.45572653017645e-42,9.531466491082287e-13,5.6430879479533915e-52
536,92,1.9615915565874027e-42,1.0011792335931974e-12,5.695089022560277e-52
537,94,1.9615915565874027e-42,1.0639791347607132e-12,5.714728069872748e-52
538,96,1.9615915565874027e-42,1.0697026386157621e-12,5.735598994744066e-52
539,94,1.9615915565874027e-42,1.098903163769781e-12,5.756582191383746e-52
540,96,1.9615915565874027e-42,1.1087098017362225e-12,5.778138183059326e-52
541,96,1.9615915565874027e-42,1.1324483342186873e-12,5.79988654091724e-52
542,96,1.9615915565874027e-42,1.1607369015636888e-12,5.8221005518239885e-52
543,97,1.9615915565874027e-42,1.1615413378510017e-12,5.844869468879256e-52
544,99,1.9615915565874027e-42,1.1959990197237053e-12,5.867654165688814e-52
545,98,1.9615915565874027e-42,1.2096047248702038e-12,5.891114781476582e-52
546,99,1.9615915565874027e-42,1.251369030906405e-12,5.914842285627718e-52
547,99,1.9615915565874027e-42,1.2782685187557896e-12,5.939389034879727e-52
548,98,1.9615915565874027e-42,1.2939795589427959e-12,5.964463442214156e-52
549,99,1.9615915565874027e-42,1.3009297693599175e-12,5.9898460359863445e-52
550,99,1.9615915565874027e-42,1.3484689914462324e-12,6.01536496449924e-52
551,100,1.9615915565874027e-42,1.3691988067720638e-12,6.041816418378649e-52
552,100,1.9615915565874027e-42,1.3707645481350576e-12,6.068674506565185e-52
553,100,1.9615915565874027e-42,1.4721376104071226e-12,6.095563308202096e-52
554,100,1.9615915565874027e-42,1.4795767726396116e-12,6.12444063526919e-52
555,100,1.9615915565874027e-42,1.5850153884658398e-12,6.153463888314517e-52
556,100,1.9615915565874027e-42,1.6581063010416855e-12,6.184555416345274e-52
557,100,1.9615915565874027e-42,1.8435826013295264e-12,6.217080689545751e-52
558,100,1.9615915565874027e-42,1.909987283365076e-12,6.253244250192146e-52
559,100,1.9615915565874027e-42,1.9531281418290444e-12,6.290710399474528e-52
560,97,1.9615915565874027e-42,1.978746533613857e-12,6.3290227961939795e-52
561,97,1.9615915565874027e-42,2.095676961575483e-12,6.367837721123615e-52
562,96,1.9615915565874027e-42,2.1146179276530854e-12,6.408946343455227e-52
563,95,1.9615915565874027e-42,2.1200353729405817e-12,6.4504265101781534e-52
564,94,1.9615915565874027e-42,2.1219020592531287e-12,6.492012945050422e-52
565,94,1.9615915565874027e-42,2.3873056602055005e-12,6.533635996683786e-52
566,93,1.9615915565874027e-42,2.5985409136254116e-12,6.58046518294431e-52
567,89,1.9615915565874027e-42,2.7077953106445785e-12,6.631437942100455e-52
568,91,7.461013717715257e-43,2.7986808953457763e-12,6.684553826283729e-52
569,91,7.461013717715257e-43,2.8729319764608093e-12,6.705434822835412e-52
570,91,7.461013717715257e-43,2.8810675597184256e-12,6.726869807721849e-52
571,89,7.461013717715257e-43,2.948807702754984e-12,6.748365492306572e-52
572,92,7.461013717715257e-43,2.9820648599760222e-12,6.770366587027732e-52
573,92,7.461013717715257e-43,3.108795786536739e-12,6.792615813855129e-52
574,93,7.461013717715257e-43,3.2217698019791074e-12,6.815810581864055e-52
575,92,7.461013717715257e-43,3.226793629711008e-12,6.839848250551942e-52
576,94,7.461013717715257e-43,3.262190138074987e-12,6.863923402087452e-52
577,95,7.461013717715257e-43,3.3063921356289688e-12,6.888262647457425e-52
578,94,7.461013717715257e-43,3.3678591409058908e-12,6.912931684537499e-52
579,95,7.461013717715257e-43,3.8882291732366216e-12,6.93805932778713e-52
580,93,7.461013717715257e-43,4.061019190569442e-12,6.967069458986269e-52
581,92,7.461013717715257e-43,4.101459587223415e-12,6.997368778875013e-52
582,91,7.461013717715257e-43,4.162498065083684e-12,7.027969825117942e-52
583,90,7.461013717715257e-43,4.219701609050447e-12,7.059026280281494e-52
584,89,7.461013717715257e-43,4.271520007535101e-12,7.090509531871285e-52
585,92,7.461013717715257e-43,4.553791284035818e-12,7.122379401242999e-52
586,95,7.461013717715257e-43,4.640819086195204e-12,7.156355300480803e-52
587,94,7.461013717715257e-43,4.823324288586182e-12,7.19098051534434e-52
588,95,7.461013717715257e-43,4.9195283567396326e-12,7.22696740402647e-52
589,95,7.461013717715257e-43,5.018642915051388e-12,7.263672072580794e-52
590,96,7.461013717715257e-43,5.154479687712861e-12,7.301116236214307e-52
591,96,7.461013717715257e-43,5.363899682146572e-12,7.339573879872017e-52
592,94,7.461013717715257e-43,5.803273957042412e-12,7.37959400898096e-52
593,96,2.0808858478017015e-43,5.946707420964086e-12,7.422892315582114e-52
594,93,2.0808858478017015e-43,5.964108080779732e-12,7.435266734895416e-52
595,92,2.0808858478017015e-43,6.074192252039441e-12,7.44767736299547e-52
596,94,2.0808858478017015e-43,6.2429179557802115e-12,7.460317063689566e-52
597,94,2.0808858478017015e-43,6.320538140215705e-12,7.473307863312737e-52
598,91,2.0808858478017015e-43,6.478048167974787e-12,7.486460181679203e-52
599,93,2.0808858478017015e-43,6.488159269029733e-12,7.499940260433319e-52
600,93,2.0808858478017015e-43,6.6076375403506975e-12,7.513441379234526e-52
601,96,2.0808858478017015e-43,6.628158840601403e-12,7.527191118679645e-52
602,95,2.0808858478017015e-43,6.733039924084551e-12,7.540983560608035e-52
603,93,2.0808858478017015e-43,6.7887819249173486e-12,7.554994248098746e-52
604,93,2.0808858478017015e-43,6.918450803354185e-12,7.569120928330118e-52
605,90,2.0808858478017015e-43,6.963415404868801e-12,7.58351743469553e-52
606,92,2.0808858478017015e-43,7.0636549058259535e-12,7.598007507263885e-52
607,91,2.0808858478017015e-43,7.140259434985239e-12,7.612706166791173e-52
608,89,2.0808858478017015e-43,7.142995360769869e-12,7.627564231599066e-52
609,89,2.0808858478017015e-43,7.259868634504296e-12,7.642427989556206e-52
610,93,2.0808858478017015e-43,7.324500604223963e-12,7.657534947454645e-52
611,93,2.0808858478017015e-43,7.499983966379437e-12,7.67277639710419e-52
612,95,2.0808858478017015e-43,7.672075173820364e-12,7.688383007598569e-52
613,97,2.0808858478017015e-43,7.712905917155489e-12,7.704347720251042e-52
614,97,2.0808858478017015e-43,8.005048877977862e-12,7.720397397019477e-52
615,97,2.0808858478017015e-43,8.0417063299756e-12,7.737054989940621e-52
616,97,2.0808858478017015e-43,8.178567202648512e-12,7.753788862834845e-52
617,96,2.0808858478017015e-43,8.81225268063076e-12,7.770807527582132e-52
618,95,2.0808858478017015e-43,8.816074535321522e-12,7.78914481947251e-52
619,97,2.0808858478017015e-43,8.849931938435981e-12,7.807490064206225e-52
620,97,2.0808858478017015e-43,8.86870110069757e-12,7.825905762330925e-52
621,97,2.0808858478017015e-43,9.300381615913348e-12,7.84436051693975e-52
622,97,2.0808858478017015e-43,9.477791646401925e-12,7.86371354942346e-52
623,97,2.0808858478017015e-43,9.530584514772827e-12,7.883435751928871e-52
624,97,2.0808858478017015e-43,9.779357374028777e-12,7.90326781036694e-52
625,96,2.0808858478017015e-43,1.0131290455729127e-11,7.923617536727151e-52
626,93,2.0808858478017015e-43,1.017059901229023e-11,7.944699595656446e-52
627,95,2.0808858478017015e-43,1.0745061115475516e-11,7.965863451204787e-52
628,95,2.0808858478017015e-43,1.100064863506505e-11,7.988222696813744e-52
629,93,2.0808858478017015e-43,1.1074232071680698e-11,8.01111379087509e-52
630,90,2.0808858478017015e-43,1.1254642614363392e-11,8.034158003668321e-52
631,91,2.0808858478017015e-43,1.1489036894265076e-11,8.057577630206616e-52
632,92,2.0808858478017015e-43,1.1547837413471837e-11,8.081485004484764e-52
633,92,2.0808858478017015e-43,1.2096673163514977e-11,8.105514735931172e-52
634,95,7.176662064836371e-44,1.2814726945237267e-11,8.130686531922613e-52
635,96,7.176662064836371e-44,1.2878855050238281e-11,8.139883228396525e-52
636,96,7.176662064836371e-44,1.2927771019270536e-11,8.149125947444282e-52
637,97,7.176662064836371e-44,1.3243953269348183e-11,8.158403771829971e-52
638,97,7.176662064836371e-44,1.3444557028727892e-11,8.167908509531631e-52
639,96,7.176662064836371e-44,1.3822547578524752e-11,8.177557213772291e-52
640,95,7.176662064836371e-44,1.3910599733743028e-11,8.187477189056911e-52
641,95,7.176662064836371e-44,1.4171142013720252e-11,8.197460356397739e-52
642,96,7.176662064836371e-44,1.4483890821776179e-11,8.207630506128267e-52
643,94,7.176662064836371e-44,1.48534947589367e-11,8.218025105109454e-52
644,95,7.176662064836371e-44,1.4950555399684642e-11,8.228684956346125e-52
645,96,7.176662064836371e-44,1.5282251520125293e-11,8.23941446472464e-52
646,94,7.176662064836371e-44,1.585577318025594e-11,8.250382020199617e-52
647,93,7.176662064836371e-44,1.590608922363178e-11,8.261761172788757e-52
648,95,7.176662064836371e-44,1.7724384160136188e-11,8.273176435501871e-52
649,93,7.176662064836371e-44,1.878655235382618e-11,8.285896627044335e-52
650,95,7.176662064836371e-44,1.883671791109899e-11,8.299379100805012e-52
651,95,7.176662064836371e-44,1.897377983887352e-11,8.312897576690873e-52
652,97,7.176662064836371e-44,1.910646155723482e-11,8.326514417290492e-52
653,97,7.176662064836371e-44,1.9173485066305808e-11,8.340226479075598e-52
654,97,7.176662064836371e-44,1.942954635068609e-11,8.353986641368204e-52
655,97,7.176662064836371e-44,1.959234612053063e-11,8.367930570191399e-52
656,96,7.176662064836371e-44,1.9877290035805424e-11,8.381991334907834e-52
657,96,7.176662064836371e-44,2.002617021938076e-11,8.396256594243005e-52
658,97,7.176662064836371e-44,2.0066385120531022e-11,8.410628699854743e-52
659,97,7.176662064836371e-44,2.0213701826482263e-11,8.425029666342035e-52
660,97,7.176662064836371e-44,2.0217717881643447e-11,8.439536357050837e-52
661,97,7.176662064836371e-44,2.0315454262372905e-11,8.454045929946712e-52
662,96,7.176662064836371e-44,2.1357185044208046e-11,8.468625644940181e-52
663,94,7.176662064836371e-44,2.161115695538247e-11,8.483952974912028e-52
664,94,7.176662064836371e-44,2.2259766350762653e-11,8.49946257194192e-52
665,94,7.176662064836371e-44,2.265582524968957e-11,8.515437654016083e-52
666,91,7.176662064836371e-44,2.29237392840502e-11,8.531696974177785e-52
667,91,7.176662064836371e-44,2.3024566640810773e-11,8.548148567188189e-52
668,89,7.176662064836371e-44,2.5006039152252292e-11,8.564672520585228e-52
669,88,7.176662064836371e-44,2.52918719431058e-11,8.582618509842806e-52
670,89,2.319800563791198e-44,2.560898109023512e-11,8.600769631635086e-52
671,88,2.319800563791198e-44,2.629514841838418e-11,8.60671040451221e-52
672,87,2.319800563791198e-44,2.6426829694615405e-11,8.612810354524804e-52
673,84,2.319800563791198e-44,2.6864327684789262e-11,8.618940851967283e-52
674,86,2.319800563791198e-44,2.7057269666977876e-11,8.625172840218187e-52
675,84,2.319800563791198e-44,2.731336741805739e-11,8.631449587160997e-52
676,82,2.319800563791198e-44,2.7416729538967302e-11,8.637785743674541e-52
677,83,2.319800563791198e-44,2.755233354311407e-11,8.644145878138721e-52
678,81,2.319800563791198e-44,2.771895828642149e-11,8.65053747002743e-52
679,86,2.319800563791198e-44,2.9552059326207635e-11,8.656967715533484e-52
680,87,2.319800563791198e-44,2.9724555409845086e-11,8.663823203922097e-52
681,87,2.319800563791198e-44,2.9849137102974466e-11,8.670718707961918e-52
682,84,2.319800563791198e-44,3.064653443998473e-11,8.677643112469933e-52
683,81,2.319800563791198e-44,3.077834291845937e-11,8.684752497257145e-52
684,82,2.319800563791198e-44,3.091191616167169e-11,8.691892458982625e-52
685,82,2.319800563791198e-44,3.11550209814972e-11,8.699063407036596e-52
686,79,2.319800563791198e-44,3.1356637396125925e-11,8.706290750560376e-52
687,76,2.319800563791198e-44,3.1407601619176686e-11,8.713564865071388e-52
688,76,2.319800563791198e-44,3.148873869657533e-11,8.720850802265738e-52
689,77,2.319800563791198e-44,3.157633917720757e-11,8.728155561643877e-52
690,77,2.319800563791198e-44,3.223417110743194e-11,8.735480642586451e-52
691,78,2.319800563791198e-44,3.241378150200039e-11,8.742958327417288e-52
692,79,2.319800563791198e-44,3.319062989496222e-11,8.750477678277582e-52
693,79,2.319800563791198e-44,3.41263246202969e-11,8.758177242471873e-52
694,82,2.319800563791198e-44,3.4626979511306285e-11,8.766093869181301e-52
695,83,2.319800563791198e-44,3.50203091386633e-11,8.774126637840573e-52
696,84,2.319800563791198e-44,3.529620338157365e-11,8.782250651128974e-52
697,85,2.319800563791198e-44,3.704132212190612e-11,8.790438666379401e-52
698,87,2.319800563791198e-44,3.7987356153854755e-11,8.799031514373598e-52
699,88,2.319800563791198e-44,3.9265937769051275e-11,8.807843823395863e-52
700,86,2.319800563791198e-44,3.958807087232001e-11,8.816952737853307e-52
701,84,2.319800563791198e-44,3.9596299717210705e-11,8.826136380766207e-52
702,87,2.319800563791198e-44,4.063896781249191e-11,8.83532193260701e-52
703,90,2.319800563791198e-44,4.129576621713081e-11,8.844749362651342e-52
704,91,2.319800563791198e-44,4.170239727759093e-11,8.854329156826611e-52
705,89,2.319800563791198e-44,4.1715224449452504e-11,8.864003281298211e-52
706,91,2.319800563791198e-44,4.223113020406083e-11,8.873680381417862e-52
707,92,2.319800563791198e-44,4.248155777085319e-11,8.883477161383555e-52
708,93,2.319800563791198e-44,4.265588620087021e-11,8.89333203555031e-52
709,93,2.319800563791198e-44,4.282272889062906e-11,8.90322735043609e-52
710,93,2.319800563791198e-44,4.283795225877776e-11,8.913161369498445e-52
711,93,2.319800563791198e-44,4.298570675686689e-11,8.923098920078603e-52
712,93,2.319800563791198e-44,4.30798322173253e-11,8.933070746755557e-52
713,93,2.319800563791198e-44,4.315267564635797e-11,8.943064408662135e-52
714,95,2.319800563791198e-44,4.428766210858293e-11,8.953074968791487e-52
715,95,2.319800563791198e-44,4.456920744258443e-11,8.963348823144336e-52
716,95,7.748405369174767e-45,4.621833798128042e-11,8.97368799039964e-52
717,98,7.748405369174767e-45,4.66833528179707e-11,8.977269174581325e-52
718,99,7.748405369174767e-45,4.690588891703016e-11,8.980886389997583e-52
719,100,7.748405369174767e-45,4.8234246228017635e-11,8.98452084841289e-52
720,100,7.748405369174767e-45,4.912800287735816e-11,8.988258233337402e-52
721,100,7.748405369174767e-45,4.9234430203225797e-11,8.99206487015012e-52
722,100,7.748405369174767e-45,5.0305427967508936e-11,8.99587975338347e-52
723,100,7.748405369174767e-45,5.3017644655697003e-11,8.999777621865091e-52
724,100,7.748405369174767e-45,5.4403757229801015e-11,9.003885643890204e-52
725,99,7.748405369174767e-45,5.860878020831292e-11,9.008101067536431e-52
726,99,7.748405369174767e-45,6.121309257107048e-11,9.012642313408899e-52
727,100,7.748405369174767e-45,6.893137279529211e-11,9.017385351960315e-52
728,100,7.748405369174767e-45,6.894914711254469e-11,9.02272643415103e-52
729,100,7.748405369174767e-45,6.918588072170247e-11,9.028068893567899e-52
730,100,7.748405369174767e-45,6.939082584701304e-11,9.03342969606445e-52
731,100,7.748405369174767e-45,7.255864067443424e-11,9.038806378540096e-52
732,98,7.748405369174767e-45,7.283240113356054e-11,9.044428516149914e-52
733,99,7.748405369174767e-45,7.295268150232123e-11,9.050071865829846e-52
734,98,7.748405369174767e-45,7.327082076295436e-11,9.055724535320328e-52
735,98,7.748405369174767e-45,7.406413981613481e-11,9.061401855530363e-52
736,98,7.748405369174767e-45,7.496111759944481e-11,9.067140645316509e-52
737,99,7.748405369174767e-45,7.646993017482973e-11,9.072948936577377e-52
738,99,7.748405369174767e-45,7.81314977203266e-11,9.078874136752848e-52
739,99,7.748405369174767e-45,7.821510108467698e-11,9.084928081917226e-52
740,98,7.748405369174767e-45,8.190875647533293e-11,9.090988505009176e-52
741,98,7.748405369174767e-45,8.561321027588954e-11,9.097335127493735e-52
742,100,7.748405369174767e-45,8.735898199561671e-11,9.103968786075475e-52
743,100,7.748405369174767e-45,8.82770833257052e-11,9.11073771412688e-52
744,100,7.748405369174767e-45,8.870505592972722e-11,9.117577780391039e-52
745,100,7.748405369174767e-45,9.201804685465666e-11,9.124451007707428e-52
746,99,7.748405369174767e-45,9.268346836191592e-11,9.131580938990524e-52
747,98,7.748405369174767e-45,9.61788677238151e-11,9.138762429829416e-52
748,98,7.748405369174767e-45,9.854387787665412e-11,9.14621475838014e-52
749,98,7.748405369174767e-45,1.01117404796636e-10,9.153850337504528e-52
750,100,7.748405369174767e-45,1.0122416159165213e-10,9.161685323926961e-52
751,100,7.748405369174767e-45,1.0228159844131529e-10,9.16952858229863e-52
752,100,7.748405369174767e-45,1.0332591243950642e-10,9.177453775163934e-52
753,100,7.748405369174767e-45,1.0735942024756047e-10,9.185459885711145e-52
754,99,7.748405369174767e-45,1.0825196938680609e-10,9.193778528793922e-52
755,100,7.748405369174767e-45,1.1176825909180336e-10,9.202166330202126e-52
756,99,7.748405369174767e-45,1.141155455010289e-10,9.210826587990628e-52
757,100,7.748405369174767e-45,1.1501323967015012e-10,9.219668723045294e-52
758,100,7.748405369174767e-45,1.1826322220595644e-10,9.228580415083157e-52
759,99,7.748405369174767e-45,1.205802462355318e-10,9.237743928942323e-52
760,99,7.748405369174767e-45,1.21146984803571e-10,9.247086975215801e-52
761,99,7.748405369174767e-45,1.3849544332663661e-10,9.256473934690914e-52
762,100,7.748405369174767e-45,1.4276969613659044e-10,9.267205123057698e-52
763,99,7.748405369174767e-45,1.5647287420722471e-10,9.2782674978587e-52
764,99,7.748405369174767e-45,1.680111702280183e-10,9.290391650445074e-52
765,99,7.748405369174767e-45,1.7015503994998413e-10,9.303409836979834e-52
766,99,4.011541799433473e-45,1.784945434576279e-10,9.316594139231241e-52
767,100,4.011541799433473e-45,1.8132305068821576e-10,9.323754522451751e-52
768,98,4.011541799433473e-45,1.833040042407874e-10,9.331028372422117e-52
769,99,4.011541799433473e-45,1.8456521356642357e-10,9.338381689172272e-52
770,99,4.011541799433473e-45,1.8621684829026876e-10,9.345785599861703e-52
771,98,4.011541799433473e-45,1.9191529195735904e-10,9.353255766568455e-52
772,98,4.011541799433473e-45,1.9575507561017155e-10,9.360954528724829e-52
773,98,4.011541799433473e-45,2.0598249168063372e-10,9.368807325407444e-52
774,98,4.011541799433473e-45,2.0607916346543604e-10,9.377070399160727e-52
775,99,4.011541799433473e-45,2.1209103978555482e-10,9.385337350943066e-52
776,98,4.011541799433473e-45,2.1552491931381857e-10,9.393845471656916e-52
777,98,4.011541799433473e-45,2.2930661244732513e-10,9.402491343883385e-52
778,99,4.011541799433473e-45,2.3587599081460037e-10,9.411690074490574e-52
779,99,4.011541799433473e-45,2.3758121336767404e-10,9.42115233845693e-52
780,98,4.011541799433473e-45,2.4193375232467656e-10,9.430683008138776e-52
781,98,4.011541799433473e-45,2.473943648443846e-10,9.440388281740219e-52
782,100,4.011541799433473e-45,2.480638780348454e-10,9.450312610095395e-52
783,100,4.011541799433473e-45,2.515436921466406e-10,9.460263796252058e-52
784,100,4.011541799433473e-45,2.5343462776809535e-10,9.470354576606358e-52
785,100,4.011541799433473e-45,2.702937261631691e-10,9.480521212633514e-52
786,100,4.011541799433473e-45,2.7839899485181717e-10,9.491364158439795e-52
787,99,4.011541799433473e-45,2.784442516120152e-10,9.502532250487478e-52
788,100,4.011541799433473e-45,2.8752607995558676e-10,9.513702158029014e-52
789,99,4.011541799433473e-45,2.8773241732792204e-10,9.525236386910704e-52
790,100,4.011541799433473e-45,2.937900229892664e-10,9.536778893102334e-52
791,99,4.011541799433473e-45,2.97497898462949e-10,9.548564402677113e-52
792,98,4.011541799433473e-45,3.09477776437288e-10,9.560498655226391e-52
793,98,4.011541799433473e-45,3.1758307294349675e-10,9.57291348558813e-52
794,98,4.011541799433473e-45,3.258403896737517e-10,9.585653463307183e-52
795,97,4.011541799433473e-45,3.3664510656040703e-10,9.598724686738383e-52
796,99,4.011541799433473e-45,3.5372460321195184e-10,9.612229345903801e-52
797,99,4.011541799433473e-45,3.7354277629573334e-10,9.626419156216529e-52
798,100,4.011541799433473e-45,3.7651436355632264e-10,9.641403980826397e-52
799,100,4.011541799433473e-45,3.923340991673453e-10,9.656508011901329e-52
800,100,4.011541799433473e-45,4.090645182670397e-10,9.672246658282858e-52
801,99,4.011541799433473e-45,4.3692032267009384e-10,9.688656452419791e-52
802,97,4.011541799433473e-45,4.539001942032089e-10,9.706183693793921e-52
803,98,4.011541799433473e-45,4.85581521933502e-10,9.724392089812094e-52
804,97,4.011541799433473e-45,4.880054298791779e-10,9.743871395534782e-52
805,94,4.011541799433473e-45,4.918367949005968e-10,9.76344793733789e-52
806,93,4.011541799433473e-45,5.209586355746321e-10,9.783178175950322e-52
807,91,4.011541799433473e-45,5.492314113891241e-10,9.804076649374156e-52
808,92,4.011541799433473e-45,5.915607739593038e-10,9.826109297017649e-52
809,89,4.011541799433473e-45,6.110062233183905e-10,9.849840004734078e-52
810,88,4.011541799433473e-45,6.136602577826472e-10,9.874350774779635e-52
811,88,4.011541799433473e-45,6.877359097112746e-10,9.898968012527098e-52
812,87,4.011541799433473e-45,7.015606230996822e-10,9.92655682601488e-52
813,86,4.011541799433473e-45,7.793513747739712e-10,9.95470022365889e-52
814,85,4.011541799433473e-45,9.057784626308706e-10,9.985964229822406e-52
815,84,4.011541799433473e-45,9.418788025449133e-10,1.0022299911461109e-51
816,87,4.011541799433473e-45,9.85443721815198e-10,1.0060083773325202e-51
817,87,4.011541799433473e-45,1.002508029721677e-09,1.0099615260135712e-51
818,84,4.011541799433473e-45,1.0429208390250142e-09,1.0139831288790673e-51
819,85,4.011541799433473e-45,1.1627995870329705e-09,1.0181668494183163e-51
820,84,4.011541799433473e-45,1.1759172588637692e-09,1.022831468566063e-51
821,86,4.011541799433473e-45,1.1854612417804131e-09,1.0275487098026703e-51
822,86,4.011541799433473e-45,1.2981342771288468e-09,1.0323042371256807e-51
823,84,4.011541799433473e-45,1.4106541218495802e-09,1.0375117570396605e-51
824,84,1.780732658534638e-45,1.435726642357234e-09,1.0431706550140033e-51
825,80,1.780732658534638e-45,1.4554703919812982e-09,1.0457273003347772e-51
826,81,1.780732658534638e-45,1.4975710336324318e-09,1.0483191039953084e-51
827,81,1.780732658534638e-45,1.4998158249530188e-09,1.0509858776433731e-51
828,84,1.780732658534638e-45,1.541965702913887e-09,1.053656648664654e-51
829,86,1.780732658534638e-45,1.5495032600362902e-09,1.0564024773501732e-51
830,85,1.780732658534638e-45,1.5640870169916292e-09,1.0591617284098257e-51
831,87,1.780732658534638e-45,1.5777026918946905e-09,1.0619469492417727e-51
832,86,1.780732658534638e-45,1.609763001464042e-09,1.0647564159506876e-51
833,83,1.780732658534638e-45,1.6402876232211032e-09,1.0676229734998954e-51
834,81,1.780732658534638e-45,1.640364653937674e-09,1.0705438872399553e-51
835,85,1.780732658534638e-45,1.648082189609681e-09,1.073464938151128e-51
836,82,1.780732658534638e-45,1.6547459702437372e-09,1.0763997319301152e-51
837,87,1.780732658534638e-45,1.6762474831145213e-09,1.0793463921209068e-51
838,89,1.780732658534638e-45,1.6776769751419262e-09,1.0823313407578753e-51
839,90,1.780732658534638e-45,1.6911222412978434e-09,1.0853188349379822e-51
840,93,1.780732658534638e-45,1.6986420759484865e-09,1.0883302715426355e-51
841,96,1.780732658534638e-45,1.7712760155646786e-09,1.0913550989624381e-51
842,97,1.780732658534638e-45,1.8048641514197182e-09,1.0945092680106333e-51
843,96,1.780732658534638e-45,1.836044039159335e-09,1.0977232485492848e-51
844,96,1.780732658534638e-45,1.8619879765073388e-09,1.1009927521323237e-51
845,95,1.780732658534638e-45,1.8858495610547212e-09,1.1043084549318892e-51
846,95,1.780732658534638e-45,1.897254584096809e-09,1.1076666488343426e-51
847,95,1.780732658534638e-45,1.9275783164075563e-09,1.1110451520337983e-51
848,92,1.780732658534638e-45,2.007267232329245e-09,1.1144776536937084e-51
849,94,1.780732658534638e-45,2.0249042590388094e-09,1.1180520600087236e-51
850,95,1.780732658534638e-45,2.0448466103366716e-09,1.1216578731532e-51
851,93,1.780732658534638e-45,2.0587447095039914e-09,1.1252991982939203e-51
852,91,1.780732658534638e-45,2.085277129377964e-09,1.1289652722337195e-51
853,89,1.780732658534638e-45,2.0982097997793817e-09,1.1326785933200982e-51
854,89,1.780732658534638e-45,2.0992977206685954e-09,1.1364149440350227e-51
855,88,1.780732658534638e-45,2.114020054941255e-09,1.1401532320462046e-51
856,91,1.780732658534638e-45,2.1414548418219045e-09,1.1439177365988357e-51
857,94,1.780732658534638e-45,2.1882881302851244e-09,1.1477310951724451e-51
858,94,1.780732658534638e-45,2.1910876846832192e-09,1.1516278513123275e-51
859,94,1.780732658534638e-45,2.236237101637637e-09,1.1555295927101559e-51
860,94,1.780732658534638e-45,2.348565403451181e-09,1.1595117331492688e-51
861,89,1.780732658534638e-45,2.4271722617239728e-09,1.163693900263899e-51
862,90,1.780732658534638e-45,2.506055909562764e-09,1.1680160451782402e-51
863,91,1.780732658534638e-45,2.5239140432944495e-09,1.1724786607805124e-51
864,90,1.780732658534638e-45,2.5535669803251623e-09,1.176973076944741e-51
865,88,1.780732658534638e-45,2.5770444364118083e-09,1.1815202970623617e-51
866,89,1.780732658534638e-45,2.6089633044257524e-09,1.1861093242527752e-51
867,89,1.780732658534638e-45,2.620815641050986e-09,1.1907551904138845e-51
868,87,1.780732658534638e-45,2.640053120263949e-09,1.1954221624179025e-51
869,87,1.780732658534638e-45,2.808772267263033e-09,1.2001233912294228e-51
870,87,5.289986579171212e-46,2.8164791491457697e-09,1.2051250637361245e-51
871,87,5.289986579171212e-46,2.82356361341178e-09,1.2066149774260741e-51
872,87,5.289986579171212e-46,2.8361986972583804e-09,1.2081086387881126e-51
873,86,5.289986579171212e-46,2.8405904016538423e-09,1.2096089840925486e-51
874,83,5.289986579171212e-46,2.8520964419634327e-09,1.2111116526027157e-51
875,86,5.289986579171212e-46,2.8596404798334885e-09,1.2126204077927645e-51
876,85,5.289986579171212e-46,2.882159247566814e-09,1.2141331537687219e-51
877,83,5.289986579171212e-46,2.9642173760918423e-09,1.2156578121425882e-51
878,82,5.289986579171212e-46,2.982467189910108e-09,1.2172258791563154e-51
879,85,5.289986579171212e-46,2.9906905359073887e-09,1.2188036002970597e-51
880,85,5.289986579171212e-46,3.0084204782638917e-09,1.2203856715768001e-51
881,84,5.289986579171212e-46,3.013256083634618e-09,1.221977121972252e-51
882,79,5.289986579171212e-46,3.258873086601848e-09,1.2235711303964554e-51
883,76,5.289986579171212e-46,3.3243652840327096e-09,1.22529506988559e-51
884,76,5.289986579171212e-46,3.3906544015929723e-09,1.2270536546592696e-51
885,77,5.289986579171212e-46,3.4285025728930278e-09,1.228847306287173e-51
886,76,5.289986579171212e-46,3.4409937035748422e-09,1.2306609795468988e-51
887,74,5.289986579171212e-46,3.4770882932680835e-09,1.2324812605979912e-51
888,73,5.289986579171212e-46,3.5172489776058254e-09,1.2343206356385894e-51
889,70,5.289986579171212e-46,3.519739145817607e-09,1.2361812556273033e-51
890,71,5.289986579171212e-46,3.5275567219188605e-09,1.2380431929116591e-51
891,73,5.289986579171212e-46,3.615968129337029e-09,1.2399092656832807e-51
892,73,5.289986579171212e-46,3.6189201154882028e-09,1.2418221079707711e-51
893,76,5.289986579171212e-46,3.685618960573153e-09,1.2437365118549737e-51
894,79,5.289986579171212e-46,3.753289419125458e-09,1.2456861993387108e-51
895,78,5.289986579171212e-46,3.775056181372288e-09,1.2476716844042026e-51
896,75,5.289986579171212e-46,3.8076193113035615e-09,1.2496686840577103e-51
897,73,5.289986579171212e-46,4.027249482876453e-09,1.2516829095632492e-51
898,73,5.289986579171212e-46,4.0570654275984424e-09,1.2538133191347883e-51
899,74,5.289986579171212e-46,4.057944193937819e-09,1.2559595013010698e-51
900,73,5.289986579171212e-46,4.1219922799651045e-09,1.2581061483335654e-51
901,70,5.289986579171212e-46,4.1724495535909005e-09,1.2602866767176117e-51
902,68,5.289986579171212e-46,4.205296479788046e-09,1.2624938969316883e-51
903,66,5.289986579171212e-46,4.248167451092591e-09,1.2647184931256396e-51
904,65,5.289986579171212e-46,4.261590124235859e-09,1.2669657680058748e-51
905,64,5.289986579171212e-46,4.365439346019038e-09,1.2692201434621884e-51
906,64,5.289986579171212e-46,4.5916774450026905e-09,1.2715294550174511e-51
907,57,5.289986579171212e-46,4.6252525884670686e-09,1.2739584462234458e-51
908,58,5.289986579171212e-46,4.751046712520631e-09,1.2764051986352726e-51
909,63,5.289986579171212e-46,4.767949594747563e-09,1.2789184959698975e-51
910,65,5.289986579171212e-46,4.866555939579168e-09,1.2814407349065354e-51
911,64,5.289986579171212e-46,4.9736297213314914e-09,1.2840151364672514e-51
912,62,5.289986579171212e-46,5.059351289390106e-09,1.2866461799148125e-51
913,62,5.289986579171212e-46,5.1039839003942736e-09,1.2893225699568312e-51
914,63,5.289986579171212e-46,5.176878319946032e-09,1.2920225705901703e-51
915,64,5.289986579171212e-46,5.200786945185323e-09,1.294761132273622e-51
916,64,5.289986579171212e-46,5.230123217713701e-09,1.2975123415877379e-51
917,66,5.289986579171212e-46,5.34409766742255e-09,1.3002790697506496e-51
918,66,5.289986579171212e-46,5.562747649028067e-09,1.3031060902444942e-51
919,68,5.289986579171212e-46,5.565142814494184e-09,1.3060487762851617e-51
920,68,5.289986579171212e-46,5.908598426344161e-09,1.3089927293651462e-51
921,67,5.289986579171212e-46,6.0186645498092776e-09,1.3121183700028535e-51
922,70,5.289986579171212e-46,6.058424892593553e-09,1.3153022354721559e-51
923,69,5.289986579171212e-46,6.102253428210332e-09,1.3185071341094295e-51
924,70,5.289986579171212e-46,6.193906585170758e-09,1.321735217983223e-51
925,67,5.289986579171212e-46,6.2071364690093444e-09,1.3250117862540423e-51
926,70,5.289986579171212e-46,6.2637543489779805e-09,1.3282953531156567e-51
927,68,5.289986579171212e-46,6.334471474341299e-09,1.3316088707597887e-51
928,69,5.289986579171212e-46,6.422003030750239e-09,1.3349597976683295e-51
929,70,5.289986579171212e-46,6.451076993819125e-09,1.3383570286527362e-51
930,68,5.289986579171212e-46,6.4624002032650725e-09,1.3417696397245866e-51
931,68,5.289986579171212e-46,6.631479929409155e-09,1.3451882407590373e-51
932,67,5.289986579171212e-46,6.643530604259192e-09,1.3486962847416992e-51
933,66,5.289986579171212e-46,6.662709811864193e-09,1.3522107035151837e-51
934,66,5.289986579171212e-46,6.709132799946156e-09,1.355735268063751e-51
935,68,5.289986579171212e-46,6.730123304970223e-09,1.3592843903107102e-51
936,68,5.289986579171212e-46,6.7784701721037116e-09,1.362844616506656e-51
937,71,5.289986579171212e-46,6.779193098316605e-09,1.36643041813043e-51
938,74,5.289986579171212e-46,6.9353506493485504e-09,1.3700166021812006e-51
939,71,5.289986579171212e-46,6.9415030569360325e-09,1.3736853933668905e-51
940,71,5.289986579171212e-46,6.958996840304273e-09,1.3773574391679372e-51
941,71,5.289986579171212e-46,7.106438585625392e-09,1.3810387391569076e-51
942,74,5.289986579171212e-46,7.157911661335222e-09,1.3847980356312738e-51
943,72,5.289986579171212e-46,7.314312233736049e-09,1.3885845612936095e-51
944,75,5.289986579171212e-46,7.3885747220921935e-09,1.3924538226488426e-51
945,75,5.289986579171212e-46,7.592707711391242e-09,1.3963623687607496e-51
946,74,5.289986579171212e-46,7.59964105349624e-09,1.4003789009500325e-51
947,71,5.289986579171212e-46,7.741547874789079e-09,1.404399100867984e-51
948,74,5.289986579171212e-46,7.77955970150331e-09,1.4084943693039486e-51
949,75,5.289986579171212e-46,7.916620462032945e-09,1.41260974594523e-51
950,73,5.289986579171212e-46,8.124144703530058e-09,1.4167976275448847e-51
951,75,5.289986579171212e-46,8.213946960237196e-09,1.4210952891897766e-51
952,79,5.289986579171212e-46,8.288075073796086e-09,1.4254404561079444e-51
953,80,5.289986579171212e-46,8.358092230931693e-09,1.429824836698699e-51
954,81,5.289986579171212e-46,8.407538254371116e-09,1.4342462562716093e-51
955,81,5.289986579171212e-46,8.558533479797797e-09,1.4386938327245585e-51
956,82,5.289986579171212e-46,8.565942239834633e-09,1.4432212854491102e-51
957,80,5.289986579171212e-46,8.65589746906628e-09,1.4477526573977782e-51
958,79,5.289986579171212e-46,8.955418303016611e-09,1.4523316155419825e-51
959,82,5.289986579171212e-46,8.9667261128397e-09,1.457069019805365e-51
960,82,5.289986579171212e-46,9.161972393321202e-09,1.4618124058849675e-51
961,79,5.289986579171212e-46,9.189867289352947e-09,1.466659076984908e-51
962,77,5.289986579171212e-46,9.285029561962958e-09,1.4715205044474122e-51
963,77,5.289986579171212e-46,9.306217482415205e-09,1.4764322726244114e-51
964,78,5.289986579171212e-46,9.708115424763457e-09,1.4813552491828938e-51
965,78,5.289986579171212e-46,9.949966285036274e-09,1.486490829213498e-51
966,79,5.289986579171212e-46,9.984529595537384e-09,1.491754348024603e-51
967,80,5.289986579171212e-46,1.011537793775604e-08,1.4970361507805758e-51
968,82,5.289986579171212e-46,1.0148449786790702e-08,1.5023871721339732e-51
969,85,5.289986579171212e-46,1.0175469969118283e-08,1.5077556884511248e-51
970,85,5.289986579171212e-46,1.024155694206925e-08,1.5131384984084643e-51
971,86,5.289986579171212e-46,1.039769017978808e-08,1.5185562682858008e-51
972,83,5.289986579171212e-46,1.0710633935567378e-08,1.5240566324363467e-51
973,84,5.289986579171212e-46,1.1103850159791546e-08,1.5297225434137034e-51
974,83,5.289986579171212e-46,1.1218379605941243e-08,1.535596465245946e-51
975,82,5.289986579171212e-46,1.1631753624418486e-08,1.5415309730014937e-51
976,81,5.289986579171212e-46,1.1688552377473725e-08,1.5476841550580336e-51
977,81,5.289986579171212e-46,1.1818302486181962e-08,1.5538673835787112e-51
978,82,5.289986579171212e-46,1.2096000581970755e-08,1.56011924973276e-51
979,83,5.289986579171212e-46,1.2173923683809039e-08,1.5665180178067872e-51
980,86,5.289986579171212e-46,1.2331005752091656e-08,1.5729580070971078e-51
981,87,5.289986579171212e-46,1.2575426858642417e-08,1.5794810925907327e-51
982,87,5.289986579171212e-46,1.297216825810871e-08,1.5861334765216896e-51
983,85,5.289986579171212e-46,1.3082372117436382e-08,1.5929957361205042e-51
984,86,5.289986579171212e-46,1.3653194206783571e-08,1.5999162934130004e-51
985,86,5.289986579171212e-46,1.4045541684722594e-08,1.6071388148246706e-51
986,87,5.289986579171212e-46,1.440260773117354e-08,1.614568887525608e-51
987,85,5.289986579171212e-46,1.461708993104962e-08,1.6221878476859054e-51
988,87,5.289986579171212e-46,1.4796775984346512e-08,1.6299202686420844e-51
989,87,5.289986579171212e-46,1.5453631234059432e-08,1.637747743279304e-51
990,86,5.289986579171212e-46,1.5961910401140013e-08,1.6459226934620675e-51
991,84,5.289986579171212e-46,1.6360329113970117e-08,1.654366522642064e-51
992,86,5.289986579171212e-46,1.9290918438283068e-08,1.6630211147864364e-51
993,83,5.289986579171212e-46,1.9541058988012073e-08,1.6732259847502768e-51
994,83,5.289986579171212e-46,2.0058125341373753e-08,1.6835631787292145e-51
995,86,5.289986579171212e-46,2.0596388665846875e-08,1.6941739001151346e-51
996,84,5.289986579171212e-46,2.183585919588744e-08,1.705069362077307e-51
997,86,5.289986579171212e-46,2.200529952819961e-08,1.7166205022863986e-51
998,87,5.289986579171212e-46,2.5267454804483306e-08,1.7282612762038805e-51
999,87,5.289986579171212e-46,2.898769141699004e-08,1.7416277258844336e-51
1000,90,5.289986579171212e-46,4.7384665233840385e-08,1.756962175740137e-51
