n_iterations,n_points,stoch_prior,trapezoid
2000,10,True,False
iteration,prior mass,worst L,evidence
0,1.0,0.0,0.0
1,0.9969506751984879,3.3672972415578005e-195,1.0267982992745478e-197
2,0.7779835033630447,1.692911129644464e-194,3.717187605262682e-195
3,0.5894992577053568,2.0481190779055447e-194,7.57756939942414e-195
4,0.5858311843310807,8.601567931463325e-194,7.893081222488417e-195
5,0.5718961306950069,9.78524930732756e-194,9.256660961888056e-195
6,0.48211422177986313,2.109963625696805e-192,1.986932230184651e-193
7,0.2832622173165744,4.448033163569506e-191,9.043696327968262e-192
8,0.2824412943210818,9.572539413276171e-191,9.122279505264442e-192
9,0.25408700243786686,1.5914612717961996e-190,1.363475524739863e-191
10,0.20513403768775257,8.564710812907391e-190,5.556155389931645e-191
11,0.1715850592261223,3.275550958318619e-189,1.6545294244992018e-190
12,0.14489055934579792,9.40306867734117e-189,4.1646315813188596e-190
13,0.13583970154075378,1.3780529108741326e-188,5.411887675733753e-190
14,0.12656821009208175,1.6261527971232788e-188,6.919573851010012e-190
15,0.11398847576347479,2.939668403726744e-188,1.0617598604318266e-189
16,0.11037377433465405,3.0949958737074906e-188,1.1736347205006743e-189
17,0.0972736988037656,6.002940735902173e-188,1.9600244909783298e-189
18,0.09437012115029775,8.987710231851118e-187,4.5696759494830586e-189
19,0.08756536993367013,1.8299328156045106e-186,1.7021913502814652e-188
20,0.08585653059437029,1.5544508762010614e-185,4.358498158542948e-188
21,0.07051655880510171,1.6539954627237434e-185,2.9730741896303394e-187
22,0.06613980474807579,2.495620107834623e-185,4.065345732806405e-187
23,0.06506782692076904,3.202288606525048e-185,4.408623971089594e-187
24,0.05820621098803488,2.4116926259104643e-184,2.0956732517894326e-186
25,0.04804011861661112,3.1407165137460733e-184,5.288554670909289e-186
26,0.039783417763524294,5.26065745199289e-184,9.632122158076015e-186
27,0.030434880929259715,2.782985374169229e-183,3.5648963437716645e-185
28,0.024012542739156362,6.3497801180060705e-183,7.6429398788346e-185
29,0.023762747635561333,1.4311106757406478e-182,8.000424318337188e-185
30,0.021263032973830445,5.052068280802612e-182,2.0629153471925042e-184
31,0.015521067402676976,7.445014213316081e-182,6.33781687615342e-184
32,0.01038053123292541,2.8229801291236945e-180,1.514541314786564e-182
33,0.010115658975838117,3.4266411180740945e-179,2.4221634819589765e-182
34,0.009182392279889763,4.9515315969157056e-179,7.043263015296369e-182
35,0.008329824025180968,1.0451517669669684e-178,1.5953895193984789e-181
36,0.007925531524632653,1.0624955021738701e-178,2.0249484827936907e-181
37,0.007753188943489129,1.9243763044506164e-177,5.341468276798238e-181
38,0.006367756983514067,3.132007503351122e-176,4.392597976792329e-179
39,0.006024414362522752,2.2691539923319567e-175,1.2183570768393927e-178
40,0.00598985245608876,8.165232201463448e-175,1.50056306819819e-178
41,0.005398596282744657,2.329966853390432e-173,1.3926129164362094e-176
42,0.00475128319030563,3.969619291218331e-173,3.962199455640366e-176
43,0.0035362246772999515,4.827875265417378e-173,9.8283503966153e-176
44,0.0035107414332687923,2.5224901498864947e-172,1.0471162717172829e-175
45,0.00326821345401267,1.0341713582622376e-170,2.612866524410724e-174
46,0.0029474761581630344,1.6660810666662833e-170,7.956609884298929e-174
47,0.0028223924533167352,5.437995757742654e-170,1.475865644746802e-173
48,0.00249223000373222,7.467029603936713e-170,3.9411984299026394e-173
49,0.002116365688843747,1.874434132082664e-169,1.098652743849084e-172
50,0.00121361427546515,3.5530910008497807e-169,4.3062106667289976e-172
51,0.0011850371039101297,4.473910251360954e-167,1.70913807442196e-171
52,0.0007118113211107098,2.6447631222320037e-166,1.2686614795814977e-169
53,0.0005540468615592443,6.512537468252141e-166,2.296108433568966e-169
54,0.0004343107786483808,1.8776218769362837e-165,4.544299320889906e-169
55,0.000390997459568321,2.576269681901383e-165,5.660167228574694e-169
56,0.00036738901395058513,4.298146624139586e-165,6.674892836905237e-169
57,0.00028876086961831333,1.3447584951808874e-164,1.7248479342018382e-168
58,0.00027965036867648007,2.46256095487895e-164,1.949199573189303e-168
59,0.00027206048506883825,5.826748919227742e-164,2.391443034268216e-168
60,0.0002415333204419115,8.300174638828578e-164,4.9252510105858395e-168
61,0.00023838952221669362,1.1658872766295537e-162,8.590565361657936e-168
62,0.00022941121378892553,2.7836421935483134e-162,3.3582963527883602e-167
63,0.00017989044229165872,1.4547066989165678e-161,7.539649438537903e-166
64,0.00015725056595216084,3.81226309796014e-160,9.384881454998655e-165
65,0.00011170681331235336,1.5802725092190587e-159,8.135642171835936e-164
66,0.00010819535183420651,2.4928334371233967e-157,9.567052803078804e-163
67,7.224306571936958e-05,3.1170085965000246e-156,1.1302029016408306e-160
68,5.277193985361674e-05,3.6495656466399533e-156,1.8408144222513726e-160
69,2.8475118992288656e-05,6.82083688931702e-155,1.8413279624658766e-159
70,2.3131141382859222e-05,1.5654815148711834e-154,2.677917778810604e-159
71,2.047464619132893e-05,5.565275306222295e-153,1.74620448693324e-158
72,2.035019805178788e-05,7.207550037583203e-153,1.835901106215866e-158
73,2.010210434220801e-05,1.1941637091447107e-150,3.146235155095294e-157
74,1.981708444186685e-05,2.4072485904936814e-150,1.000737268868434e-156
75,1.616289738386552e-05,2.535462770295376e-150,1.0265792510125998e-155
76,1.5961840303169554e-05,3.615124440216645e-150,1.099263887642859e-155
77,1.2649049855237802e-05,4.104304444632804e-149,1.4695964447226246e-154
78,1.1336202156033251e-05,4.9875586010468044e-149,2.1243869281258415e-154
79,8.803597877868872e-06,1.6486733213750677e-148,6.299824035135814e-154
80,7.0378932044868495e-06,1.9438795786136184e-147,4.0622996599635235e-153
81,6.511560935037095e-06,2.2953995663810845e-147,5.270442523030862e-153
82,5.483737519805193e-06,5.861584620875582e-147,1.1295116446729998e-152
83,5.113314220465231e-06,2.354342689634806e-146,2.001615031544444e-152
84,4.905556553569608e-06,3.151214027050917e-146,2.656303905693304e-152
85,3.3597288997024234e-06,1.3256676290429443e-145,2.314884071380458e-151
86,3.324601586132205e-06,3.7101178221297904e-145,2.4452105435008675e-151
87,2.8320019396033213e-06,1.4831775808475481e-143,7.550648575000753e-150
88,2.682909836937112e-06,2.1853617974920953e-143,1.080885042974579e-149
89,1.8636851773222231e-06,4.213659485816676e-143,4.532818800975792e-149
90,1.4086599101966042e-06,5.958568415462228e-143,7.244117985907769e-149
91,1.3709773499703124e-06,7.555331793784851e-143,7.528822231256683e-149
92,1.3164655010477573e-06,1.1951535868374018e-142,8.180322548905987e-149
93,1.2585529145739554e-06,1.3850430909706714e-142,8.982436826663795e-149
94,1.1268362944257716e-06,8.54388350551446e-140,1.1343538951128453e-146
95,1.0339245498759964e-06,2.3937329998836538e-139,3.3584129851684173e-146
96,7.921935770414094e-07,8.693289169891993e-139,2.437278546687212e-145
97,7.362543668993953e-07,1.0545593366897762e-138,3.0271907101103367e-145
98,7.167678598021387e-07,3.369138876243559e-138,3.683718196345969e-145
99,6.307112399753556e-07,6.087020540026439e-137,5.606655944543343e-144
100,4.850251488473406e-07,1.1486536919131536e-136,2.2340942588002403e-143
101,4.2659415919786087e-07,1.1946585803606958e-136,2.93214509023742e-143
102,2.878247484009596e-07,3.2802826374524783e-136,7.484173978703277e-143
103,2.7261900303246577e-07,4.077501086801935e-136,8.104188411359949e-143
104,2.4481237453766927e-07,1.4164932296038635e-135,1.204297851145886e-142
105,2.3933592213858116e-07,2.0915760173379376e-135,1.318842016126141e-142
106,2.2631658061423048e-07,2.628945635322026e-135,1.661113426878226e-142
107,2.0747991211737775e-07,3.1551856073939384e-134,7.604431960130281e-142
108,1.8505845089435192e-07,6.603448172800604e-134,2.241032767460123e-141
109,1.7582064423370637e-07,7.856962001996636e-134,2.966843726604958e-141
110,1.7396524575721892e-07,9.09156375876012e-134,3.135528462073879e-141
111,1.7028765833202908e-07,9.36402817127922e-133,6.579231687255866e-141
112,1.689698657062606e-07,1.0141061138523627e-132,7.915613245837246e-141
113,1.250272213574293e-07,1.0563027729662946e-132,5.4332350322979415e-140
114,1.1933314211518392e-07,3.362699327691782e-132,7.347982676270169e-140
115,1.014188128705982e-07,9.956882620262074e-132,2.5185070027176993e-139
116,9.226627794235581e-08,2.4888963752084784e-131,4.796478103404845e-139
117,8.076757820388676e-08,4.693317226394694e-131,1.0193182659774539e-138
118,7.932805950724532e-08,1.6869886376105343e-130,1.262163434463658e-138
119,7.120988438529216e-08,1.9360409548169454e-130,2.8338753859113953e-138
120,6.983141684898004e-08,1.9408978057729906e-130,3.101421847567145e-138
121,6.371487751769636e-08,1.1578005711821452e-129,1.0183154578985439e-137
122,5.3876647412321064e-08,1.4568338747984224e-129,2.451582146455783e-137
123,5.0564336203289916e-08,6.627473029721462e-129,4.646807466845585e-137
124,4.869173605235443e-08,2.316252164558998e-128,8.98422161980341e-137
125,4.168285223492431e-08,2.9485340420764074e-128,2.9650154152454553e-136
126,4.086751885828499e-08,5.29931685289688e-128,3.3970864056008635e-136
127,3.8899182217691334e-08,2.3314724536658615e-126,4.928831297645397e-135
128,3.7769462668626845e-08,6.091655789017431e-126,1.181069392867025e-134
129,3.324438847922501e-08,2.1510942231672323e-125,1.0914930341092456e-133
130,3.221773927050685e-08,5.8077011838017e-125,1.6877402165913992e-133
131,2.8400530017718318e-08,1.7841033818967256e-124,8.498036153898896e-133
132,2.6980605205809152e-08,8.229462510062648e-123,1.2535021622104123e-131
133,2.6424142770077322e-08,1.8916128518068125e-122,2.3061136571884655e-131
134,2.373689068666375e-08,3.678491887272378e-122,1.2191148645081085e-130
135,2.3318608091610186e-08,3.9478521260062604e-122,1.3842466477234714e-130
136,2.3237451453155503e-08,8.023671043235461e-122,1.4493640647169884e-130
137,1.61810064430348e-08,2.6115699669773365e-121,1.9877763926775304e-129
138,1.2348549963517383e-08,3.122362139354072e-121,3.184408093914267e-129
139,1.1401431480342636e-08,4.387435941109294e-120,7.339829767484072e-129
140,1.0953361296298401e-08,3.31019988726182e-119,2.217184849457015e-128
141,1.0752323427957235e-08,4.954287770170126e-119,3.213184301920726e-128
142,1.0418854574206218e-08,8.936746948430238e-119,6.193311063076664e-128
143,8.633572607208276e-09,9.854046874575136e-119,2.378556325020808e-127
144,8.531464274677536e-09,1.202921875142337e-118,2.5013846718563433e-127
145,5.2161922045674194e-09,1.9382055214574063e-118,8.927063303277297e-127
146,4.418019482903103e-09,7.037852238004811e-118,1.4544484978756898e-126
147,4.382583111149116e-09,5.7395696043414495e-117,1.6578380200830154e-126
148,4.172191197355128e-09,8.897530140279513e-117,3.529806414336117e-126
149,4.010173247128028e-09,2.467106937276444e-116,7.526962504021997e-126
150,3.639997914272302e-09,6.433283779259552e-116,3.134139214744946e-125
151,2.6857030123998324e-09,9.21562605067542e-116,1.192856417246762e-124
152,2.4272658623620715e-09,1.6039400780734327e-115,1.6073741198554037e-124
153,2.2945082777471665e-09,3.1499731537671564e-115,2.025556947351326e-124
154,2.037497248013717e-09,2.908552485362234e-114,9.500857640318647e-124
155,1.9705675031488625e-09,1.548792519831848e-113,1.9866886460412686e-123
156,1.887251498145749e-09,2.3136767318672493e-113,3.9143516677196584e-123
157,1.6494149695332853e-09,3.19185159293476e-113,1.150574069481732e-122
158,1.5632427666354964e-09,8.175558675847568e-113,1.8550799704996465e-122
159,1.4229562058348061e-09,1.043178970402659e-112,3.318519871073588e-122
160,1.3359870737385106e-09,2.3336277261791594e-112,5.348055650890118e-122
161,1.2416000918772741e-09,1.28413995905299e-111,1.7468665153132476e-121
162,1.2224651011525725e-09,2.928148748289237e-111,2.30716750670386e-121
163,1.0327750798134813e-09,3.1408818886881714e-111,8.2651070315921e-121
164,8.823446403420164e-10,1.062666129757401e-110,2.4250840322676763e-120
165,6.802476772260387e-10,1.5348389110826785e-110,5.526946860288112e-120
166,6.398232154108558e-10,1.7992841342112025e-110,6.254297788068963e-120
167,6.259477278941062e-10,6.917024290880836e-110,7.214068630080666e-120
168,5.928202303061851e-10,1.021578336899794e-109,1.059830201923271e-119
169,4.923472921435795e-10,1.2898274095309583e-109,2.355757697505648e-119
170,3.910258360851571e-10,3.8337873685407246e-109,6.240206881494987e-119
171,3.5130043048493135e-10,8.391612595681715e-109,9.573809021529181e-119
172,3.3693230023584383e-10,1.3919679074857135e-108,1.1573806641259635e-118
173,2.389622300189768e-10,5.4359509644505416e-108,6.48298564095262e-118
174,2.0240865450381866e-10,3.241440312843179e-107,1.8331608966291713e-117
175,1.8165384146296327e-10,1.5123420044277876e-106,4.971998452202294e-117
176,1.4005573233271016e-10,2.028468962336572e-106,1.3410045778463097e-116
177,1.3986665487799328e-10,3.742225603405795e-106,1.3480802827669927e-116
178,1.1306216307925163e-10,9.522384141804865e-106,3.9005069591017536e-116
179,1.064790022694074e-10,1.6774925655894193e-105,5.0048272907610854e-116
180,9.553925587031198e-11,6.881421001059328e-105,1.2532927352460918e-115
181,9.441874230998682e-11,7.961255258888117e-105,1.3424996799940335e-115
182,9.24551846042012e-11,5.089356551475906e-104,2.3418242074081374e-115
183,8.962935589869953e-11,8.587254336298557e-104,4.768435187903755e-115
184,8.559296732680263e-11,9.792350317858786e-104,8.72100827940537e-115
185,8.204045897365044e-11,5.626873805923689e-103,2.8710524477082528e-114
186,7.193995678216348e-11,2.7702486852530843e-102,3.085195536407091e-113
187,5.898832195155876e-11,3.2234090263004804e-102,7.260037198238985e-113
188,5.829303563356759e-11,4.4986769849285085e-101,1.0387905754921544e-112
189,4.8644216948576505e-11,1.81685502605084e-100,1.8569295298771465e-111
190,4.831018027565052e-11,3.502953106822269e-100,1.973941009999012e-111
191,4.2365223786266534e-11,5.126354373273327e-100,5.021536379826336e-111
192,3.4140498374969606e-11,6.727855139927037e-100,1.0555012493114591e-110
193,2.4601081432035705e-11,6.9349191199587e-100,1.7170520988195618e-110
194,2.189320643097661e-11,7.112408320949829e-100,1.9096472257158092e-110
195,1.888320618363315e-11,1.1131688491847994e-99,2.2447110768539372e-110
196,1.7428699917870285e-11,1.999363101372873e-99,2.5355196927021288e-110
197,1.3267262451192048e-11,9.251357409673224e-98,4.1034465034947606e-109
198,1.2291512341988888e-11,9.926286818613708e-98,5.072004048219181e-109
199,1.0966204412859421e-11,3.98501425298091e-97,1.035337503538872e-108
200,8.998830733561482e-12,4.505343969601691e-97,1.9217070177366782e-108
201,8.895905749578643e-12,4.592331902833144e-97,1.968973586490976e-108
202,8.264920877867844e-12,1.0778526794694012e-96,2.649082321169118e-108
203,8.160479148513653e-12,3.0505056744692565e-96,2.9676824092154594e-108
204,7.251705738722363e-12,1.2051116063650811e-95,1.391941624616999e-107
205,7.008823991614964e-12,3.598121442956465e-95,2.2658596469868627e-107
206,4.955585106509216e-12,5.8032201395659185e-95,1.418125689637241e-106
207,4.769443393442045e-12,3.7446509300479195e-94,2.1151614285949339e-106
208,4.263164933917618e-12,5.876337452788685e-94,5.090224501838485e-106
209,3.5774598821007e-12,8.018140008083117e-94,1.0588303611556424e-105
210,3.4471208327509433e-12,1.189956788534006e-93,1.2139281977404544e-105
211,3.2340854383129988e-12,2.9417014239217008e-93,1.8406147209042768e-105
212,3.039774589431535e-12,6.422642262612863e-93,3.0886037910145483e-105
213,3.01012879724961e-12,6.593340017835075e-93,3.284068578968057e-105
214,2.98663614699064e-12,8.118699499325055e-93,3.474798346863375e-105
215,2.6536716835272948e-12,1.083432236269978e-92,7.082242679348628e-105
216,2.343217589503957e-12,2.2945742113862732e-92,1.420584225900103e-104
217,1.9971809191257416e-12,2.4720917620491075e-92,2.2760186281089914e-104
218,1.6965930210351009e-12,8.008599738369054e-92,4.6833067901146015e-104
219,1.502344417387622e-12,2.5636510008141627e-91,9.663163061590729e-104
220,1.4513617388028139e-12,4.50538115188138e-90,3.2632802978432817e-103
221,1.412542144642429e-12,8.90021312014275e-90,6.718306910492034e-103
222,1.340296148346537e-12,2.1847869582301556e-89,2.250251795965289e-102
223,1.1769830304052164e-12,2.5191391180057464e-89,6.36433643485996e-102
224,1.049634405730588e-12,1.6401036911657075e-88,2.7250831374233374e-101
225,9.905792549494937e-13,4.9100020785953316e-88,5.6246922682926776e-101
226,7.629928210030824e-13,5.679561342446473e-88,1.855060339136553e-100
227,7.208240804822814e-13,9.454840840004826e-88,2.2537590691841895e-100
228,7.172984026724451e-13,1.0296642653536813e-87,2.2900617137035775e-100
229,7.172148449620813e-13,2.553346244723531e-86,2.311396890301091e-100
230,6.987304802991269e-13,4.6128820932964486e-86,1.0838016366271512e-99
231,6.459565192045047e-13,1.3279239093858087e-85,8.09178210968168e-99
232,5.353679006485462e-13,7.289299468763e-85,8.870313795879986e-98
233,5.056139380910675e-13,7.562310593349604e-85,1.1120400858305478e-97
234,5.048816390839703e-13,1.4467307997560736e-84,1.1226344811125303e-97
235,4.353472926441349e-13,2.9040964512108326e-83,2.1316079354431586e-96
236,4.1301290868529817e-13,1.441340973784791e-81,3.4323070659556325e-95
237,3.9966350888936025e-13,7.154174548870936e-81,1.298270069223582e-94
238,3.987014159048658e-13,1.3860148075986207e-80,1.431617581503188e-94
239,3.2353363824014637e-13,1.716345386267858e-80,1.4333004420588121e-93
240,2.8198930582118934e-13,2.2738636111546694e-80,2.3779618994306087e-93
241,2.81097354256626e-13,2.556066251180523e-80,2.4007607723492886e-93
242,2.3408684842241775e-13,1.3904465583123537e-79,8.93732037651906e-93
243,2.034014392847393e-13,8.511536881050912e-79,3.505531953506773e-92
244,1.8641206363963722e-13,1.6029252328744556e-78,6.228801844738459e-92
245,1.8235993242836296e-13,2.325740785966354e-78,7.171222527553239e-92
246,1.558087376210266e-13,3.3328011721689384e-78,1.6020207845190883e-91
247,8.335203626639886e-14,4.533456145559457e-78,4.886813564950122e-91
248,5.814193951012817e-14,5.051882157686301e-78,6.160397944915614e-91
249,5.0596649101177625e-14,6.684571770222878e-78,6.664768297573657e-91
250,4.7399906908679824e-14,2.5427538883357694e-77,7.477621161571737e-91
251,4.1805086819730625e-14,4.910590629888437e-76,3.4951492266277267e-90
252,2.7190229150551913e-14,2.75706402016038e-75,4.3789247466085346e-89
253,2.6962701970813565e-14,2.947471580820199e-75,4.445987736222829e-89
254,2.6739970130234496e-14,5.126622554850709e-75,4.5601739439824365e-89
255,2.1150624496775668e-14,5.521719389718011e-75,7.646453759992967e-89
256,2.1134228399041187e-14,1.0669134667229859e-74,7.663946977467591e-89
257,1.617181584953846e-14,1.1845642363551681e-74,1.354224340964859e-88
258,1.447941336019969e-14,1.2821872906718296e-74,1.571222037218013e-88
259,1.254635395840989e-14,1.4412399231240215e-74,1.8498222755809828e-88
260,1.226611514168395e-14,2.277461048409418e-74,1.9136455745155501e-88
261,7.689994921749016e-15,3.187375639964315e-74,3.372226985972425e-88
262,6.80039612622218e-15,4.0608534564680125e-74,3.733480020340918e-88
263,6.303159194667598e-15,4.4239950923591535e-74,3.9534573948346375e-88
264,5.859878998700727e-15,5.2830856192784105e-74,4.187646117696987e-88
265,5.4340669910884735e-15,7.346427431420387e-74,4.5004658190320715e-88
266,4.742662494400076e-15,1.4927257073266113e-73,5.53254308540006e-88
267,4.6143136266506914e-15,2.147336420119869e-73,5.808151283599462e-88
268,4.256975312561117e-15,2.2292279470354624e-73,6.604739839914478e-88
269,3.59246415848634e-15,3.10117933024976e-73,8.66550809565159e-88
270,3.454433362720621e-15,2.729047069354751e-72,1.243243348230299e-87
271,3.3309879958607755e-15,6.027186098264203e-72,1.9872715472630837e-87
272,3.184631301284747e-15,7.994608637937033e-72,3.1573360419405125e-87
273,2.651360862585806e-15,8.00038459509556e-72,7.423704644727373e-87
274,2.3754604149455387e-15,1.0670474834282068e-71,1.0367693428040003e-86
275,2.127248709533142e-15,1.6689627330206843e-71,1.4510254290367987e-86
276,1.945417218116098e-15,2.259204002314016e-71,1.861819862192911e-86
277,1.8884070502037194e-15,6.220181621644002e-71,2.2164334608883276e-86
278,1.8280693352574403e-15,1.1742806988267248e-70,2.924967601615571e-86
279,1.3110656680451153e-15,5.509132985006163e-70,3.1407387165701255e-85
280,1.2356665294191846e-15,1.1617225143124436e-69,4.0166674855852123e-85
281,1.0419443476624017e-15,7.394010550498156e-69,1.8340506043336955e-84
282,9.220504293979626e-16,2.065635592630917e-68,4.3106220534037695e-84
283,9.206943951845784e-16,2.5679247880799413e-68,4.345443992104108e-84
284,5.636049686881862e-16,2.9690887382232813e-68,1.4947745939594594e-83
285,5.519340749443753e-16,3.498333150924312e-68,1.5356032684443481e-83
286,4.546753352786685e-16,4.379676752918671e-68,1.961565109576413e-83
287,4.3522562292124874e-16,4.838252939411771e-68,2.0556677375604128e-83
288,4.301486527963177e-16,8.278177113727029e-68,2.0976957954556928e-83
289,3.5294964800507373e-16,1.1975458696467895e-67,3.0221892887416622e-83
290,3.2574865115253295e-16,1.5165297526779423e-67,3.434700499035434e-83
291,3.0370345556347364e-16,6.144236973526765e-67,4.789209557304708e-83
292,2.0609324852983915e-16,1.1233764478848605e-66,1.575451032277972e-82
293,1.993922978991897e-16,1.9748122704481274e-66,1.7077822275687086e-82
294,1.721349145808462e-16,3.119510805196664e-66,2.558079245398307e-82
295,1.5333219516983009e-16,1.7208589029698158e-65,5.793761955247353e-82
296,1.4930681551030015e-16,3.4575258027808554e-65,7.185547359128749e-82
297,1.4234389379526363e-16,4.501394812617326e-65,1.0319833328001343e-81
298,1.3423192434128715e-16,6.930164617811727e-65,1.5941561697073072e-81
299,1.3401875487277915e-16,1.5376306402702378e-64,1.6269337603421096e-81
300,1.1147138302553515e-16,1.7511486958039106e-64,5.575313840752823e-81
301,9.63987787926697e-17,2.605268266456797e-64,9.5021315908275e-81
302,6.678695301664575e-17,4.092582389402451e-64,2.1621015259728415e-80
303,6.569018811024657e-17,5.8477853418715936e-64,2.226237983404045e-80
304,6.372795026649e-17,6.993901517169962e-64,2.363474965729019e-80
305,4.936890966425458e-17,7.866236305006878e-64,3.49299103063274e-80
306,4.82604705437966e-17,8.242553157196845e-64,3.584354714351654e-80
307,4.727486627512787e-17,2.9810442399277234e-63,3.878167707147964e-80
308,4.522518125700793e-17,3.923669551939161e-63,4.682396376814272e-80
309,4.405846097880887e-17,4.83918280591447e-63,5.246993647771536e-80
310,3.254801420227859e-17,5.857970296396509e-63,1.1989779179288268e-79
311,2.4967398935471206e-17,1.2587051885332516e-62,2.1531538947893102e-79
312,2.3997526766340404e-17,1.9025235688347316e-62,2.3376743608421318e-79
313,1.556091433203668e-17,2.68825011686027e-62,4.6056467970843104e-79
314,1.4454656760086936e-17,3.4796986594013724e-62,4.990591096090925e-79
315,1.4370618445611597e-17,7.633740623804349e-62,5.054743765607569e-79
316,1.3727951658862634e-17,8.689644646573807e-62,5.613198365907961e-79
317,1.2587733972884769e-17,1.4143277578028395e-61,7.225839889124177e-79
318,1.1138872052523203e-17,1.4911204852866268e-61,9.386267578927029e-79
319,9.856894976505354e-18,2.501210906491379e-61,1.2592762623334802e-78
320,8.784535301291961e-18,8.580455620149394e-61,2.179409722534114e-78
321,8.42798921222432e-18,8.654678696443424e-61,2.4879889066695074e-78
322,7.098884798688179e-18,1.2641066445026117e-60,4.1681186270582905e-78
323,6.917463263018776e-18,3.482569201323011e-60,4.799931679637277e-78
324,6.32549750276397e-18,6.749889660395988e-60,8.79563524408964e-78
325,5.315481832738242e-18,9.725381290012861e-60,1.861842274397766e-77
326,5.017193982393016e-18,2.4301558780955083e-59,2.58672824727869e-77
327,4.0683022479997224e-18,2.865538540494944e-59,5.305814082939766e-77
328,2.8148587419104684e-18,4.8572075946282005e-59,1.139404940015389e-76
329,2.798677397645113e-18,5.011853015296104e-59,1.1475147919201755e-76
330,2.246031648351759e-18,8.300320079973977e-59,1.6062284529173646e-76
331,1.5301601126259363e-18,9.486185362339045e-59,2.2853174612691116e-76
332,1.4329005950632665e-18,1.0079870364074604e-58,2.3833537941395264e-76
333,1.3515970871885499e-18,3.7789128298389914e-58,2.6905926631582088e-76
334,1.2247451223786455e-18,4.489038460287956e-58,3.260036011952964e-76
335,1.0871332957287796e-18,7.841909655203236e-58,4.339175524028701e-76
336,9.073445617812166e-19,1.1168443949631112e-57,6.347135921897198e-76
337,7.345644513490648e-19,1.33468963515332e-57,8.653214147441589e-76
338,5.791359526548087e-19,1.619068459371159e-57,1.1169707946674403e-75
339,5.5267104127164165e-19,2.577239151372099e-57,1.1851772004217316e-75
340,5.060313421679916e-19,3.0080625504756e-57,1.325472332660872e-75
341,4.843098082693309e-19,3.492331537865515e-57,1.4013311305459795e-75
342,4.200197419179973e-19,4.005171541203677e-57,1.658823874678437e-75
343,4.094710438502494e-19,3.197662951924459e-56,1.996135684701184e-75
344,3.8667380506804936e-19,4.965322821517357e-56,3.128092184629567e-75
345,3.064675760479871e-19,7.938231631373613e-56,9.495048427032112e-75
346,2.4227966477749145e-19,1.3798490082313299e-55,1.835201099773551e-74
347,2.3113611753601243e-19,1.653011959961908e-55,2.019405268439205e-74
348,2.1012002814873831e-19,2.4578731545746215e-55,2.5359540876304214e-74
349,1.8642579082194535e-19,5.6202222332365445e-55,3.867622881866671e-74
350,1.621664678440634e-19,1.1362022945996782e-54,6.623972725157089e-74
351,1.5416789992041673e-19,1.3850621030017828e-54,7.731824056089955e-74
352,1.3141752667754783e-19,1.92284040214396e-54,1.2106357739614277e-73
353,1.270281675223701e-19,6.024374160998048e-54,1.4750671927393565e-73
354,1.1677955040435526e-19,7.554743958530793e-54,2.2493239752955357e-73
355,1.1050871607436091e-19,1.701030372178235e-53,3.3160119407173694e-73
356,1.0814552409024205e-19,2.228953094773976e-53,3.842756349372049e-73
357,6.515443566781959e-20,2.2672076899773103e-53,1.358972897655312e-72
358,5.2570050152557274e-20,2.702975680614864e-53,1.699125777687672e-72
359,3.7699136719549875e-20,3.3243227494006095e-53,2.1934829359848079e-72
360,3.2532858637188347e-20,3.538383592619795e-53,2.3762856720002006e-72
361,3.001655404131706e-20,7.325362798800211e-53,2.560614112770656e-72
362,2.6461676071210485e-20,8.54698401436312e-53,2.864448964605781e-72
363,2.47142964948744e-20,2.052471301206025e-52,3.223093607880117e-72
364,2.141053517410478e-20,2.5759130337326392e-52,4.07411379253134e-72
365,1.9555066194430666e-20,2.5992774141797547e-52,4.556401653689147e-72
366,1.864667964039029e-20,2.970667616764684e-52,4.826253105648368e-72
367,1.8625471714685988e-20,4.058913426364743e-52,4.834861219087021e-72
368,1.6684827921050677e-20,7.285869757892597e-52,6.248789011775968e-72
369,1.3221924909163824e-20,7.786698059877733e-52,8.945247028196381e-72
370,1.1823906988390991e-20,9.755262893192191e-52,1.0309050262849673e-71
371,1.1694182716265428e-20,9.795779063497546e-52,1.0436125293741178e-71
372,9.249372495060865e-21,2.0295952836143666e-51,1.5398100588030156e-71
373,8.652606688447706e-21,2.473415066064944e-51,1.6874150125019543e-71
374,8.57076590102694e-21,3.6441040939732264e-51,1.7172386473513549e-71
375,8.426552718497593e-21,4.587976921585647e-51,1.7834033226746611e-71
376,8.355255386647004e-21,4.845590801477959e-51,1.8179510922131745e-71
377,8.032765313931602e-21,6.21377540852476e-51,2.0183391805464074e-71
378,7.633934738238223e-21,2.280508536205491e-50,2.9278757129149076e-71
379,6.4192487128300046e-21,4.45651552982781e-50,8.341142849011451e-71
380,6.056403119285916e-21,6.429377491402415e-50,1.0674014140998363e-70
381,5.144881753598458e-21,2.2935644663329555e-49,3.158034428743877e-70
382,4.9884813898920266e-21,4.414245461026598e-49,3.8484240243379024e-70
383,3.709359063229627e-21,4.5320327872219484e-49,9.645448347639521e-70
384,3.068108636104156e-21,4.68264270395254e-49,1.2648194981625057e-69
385,2.7534085668147543e-21,6.277840501617357e-49,1.462383182247185e-69
386,1.5443513431188279e-21,9.672037443060594e-49,2.631787856086174e-69
387,1.439746271422808e-21,5.515820598522984e-48,3.208770665257054e-69
388,1.4313028321341941e-21,1.4038765694143078e-47,3.3273061310826257e-69
389,9.584312873390494e-22,1.9657972816864781e-47,1.2623002104534436e-68
390,8.64643036515758e-22,3.4029068141300683e-47,1.5814528882653624e-68
391,7.9195745895765235e-22,3.6172281423685613e-47,1.8443732049528546e-68
392,7.026550234742152e-22,3.746923824864453e-47,2.178982628084166e-68
393,6.091736263267898e-22,3.839382026083042e-47,2.5378934240651215e-68
394,5.549447844518498e-22,4.902355788123176e-47,2.80374250091395e-68
395,5.364832699937507e-22,6.572952419594244e-47,2.925089157040687e-68
396,4.250810197308024e-22,1.4627084345154232e-46,4.554579267876812e-68
397,4.1013838261682352e-22,3.91100397124097e-46,5.138986398812652e-68
398,2.502367372234402e-22,6.493833615281311e-46,1.55227331987561e-67
399,2.470984374435942e-22,9.213461275634738e-46,1.581187923368554e-67
400,2.4060391142226638e-22,9.541259584727373e-46,1.6431538820178095e-67
401,2.165036285180853e-22,2.3070153813457365e-45,2.1991511155651036e-67
402,2.1645568718351996e-22,2.4143523055939027e-45,2.200308588281515e-67
403,2.0394564609628187e-22,3.034720449905492e-45,2.5799533634475085e-67
404,1.7911888904314553e-22,3.766083937078815e-45,3.514949872923258e-67
405,1.5926675639953823e-22,1.3059267699741704e-44,6.107493018959744e-67
406,1.566805880065415e-22,2.808273365883333e-44,6.833759800733947e-67
407,1.395434113996593e-22,3.123107149681319e-44,1.2185883679364469e-66
408,1.3448941967504698e-22,4.3385321420773656e-44,1.4378574233666832e-66
409,1.117051305124204e-22,4.621380891034125e-44,2.490806208886267e-66
410,8.671931457913004e-23,7.221877387828961e-44,4.2952511999371295e-66
411,8.06107704904783e-23,7.717510494903344e-44,4.766678731064626e-66
412,7.851729138755337e-23,1.0472764129466697e-43,4.985923859613629e-66
413,7.129799524342492e-23,1.6434703694365076e-43,6.172393789719863e-66
414,6.37554683569684e-23,3.0790282850577885e-43,8.49475915214071e-66
415,4.2651111190857346e-23,3.2779506795135736e-43,1.54126633434758e-65
416,2.919509608970817e-23,3.305325611347078e-43,1.986031447752594e-65
417,2.750936423977859e-23,3.3281564208163325e-43,2.0421352405537713e-65
418,2.4439561009240935e-23,5.072803148385894e-43,2.1978603154817376e-65
419,2.046918709727826e-23,7.033581520314833e-43,2.4771198012409454e-65
420,1.8801730003453346e-23,1.2103938957562613e-42,2.6789477900210604e-65
421,1.7818199478589918e-23,1.2267611197183563e-42,2.7996034908169244e-65
422,1.2835183410947593e-23,2.2738445576912097e-42,3.932663887446559e-65
423,1.251965727782914e-23,2.3886965563138302e-42,4.008033506207266e-65
424,1.2263698613926736e-23,2.581163016132865e-42,4.074100609899633e-65
425,1.076322726976584e-23,3.418642070072764e-42,4.587058056108339e-65
426,9.76382801151261e-24,4.059239488706095e-42,4.992738149516848e-65
427,9.5106983320212e-24,6.324232275564678e-42,5.15282323841114e-65
428,8.92272345414125e-24,7.53212677349837e-42,5.59569337039354e-65
429,8.835171566487917e-24,9.407341326422881e-42,5.678056419486294e-65
430,8.576446629572987e-24,1.1357143607422647e-41,5.971894045822717e-65
431,7.588930684057777e-24,1.6978474280470862e-41,7.648545454071201e-65
432,7.291793664419244e-24,3.512389613762669e-41,8.692206435713979e-65
433,7.001243717186732e-24,4.910486309343452e-41,1.0118947973779692e-64
434,6.48178816609901e-24,1.071782394660864e-40,1.5686381118426458e-64
435,6.1081164192016746e-24,1.3304522432021786e-40,2.0657905257234828e-64
436,5.6748010588398656e-24,1.849994265744522e-40,2.8674214576518505e-64
437,4.94757376442696e-24,2.356561150027346e-40,4.581177046904803e-64
438,3.961696293626749e-24,4.325413447233035e-40,8.84550471642813e-64
439,3.762241423410045e-24,7.42874072720345e-40,1.0327203234046035e-63
440,3.2336795656819967e-24,8.434619643767444e-40,1.4785421462185246e-63
441,3.1821555505896037e-24,1.3937255055404036e-39,1.5503524802006414e-63
442,3.0950815187935977e-24,8.926621062097177e-39,2.3276293663925886e-63
443,2.629089784783923e-24,1.7874588336410729e-38,1.0657039779985733e-62
444,2.547273406844135e-24,2.948928775881049e-38,1.3069746492435735e-62
445,2.061466968540773e-24,3.872487864518226e-38,3.188254186078165e-62
446,1.885961249190531e-24,4.1557450580907924e-38,3.917611211934602e-62
447,1.5452222457523694e-24,1.3491716038609654e-37,8.514765089601117e-62
448,1.5165110426188688e-24,1.412635468050697e-37,8.92034972836903e-62
449,1.4048451062384764e-24,1.726822732450337e-37,1.0848622502189178e-61
450,1.3138825920690278e-24,3.1087379165997095e-37,1.367640867006721e-61
451,1.2037729068622503e-24,4.288683552882707e-37,1.8398664629661197e-61
452,1.0010584998833854e-24,7.170213416834705e-37,3.293372023671668e-61
453,9.11095929881952e-25,1.0026285172291406e-36,4.195362405338267e-61
454,9.105143762425612e-25,1.4212516175611338e-36,4.203627745845094e-61
455,9.04846649211463e-25,1.7301396300016962e-36,4.3016873373304424e-61
456,7.374735263634972e-25,1.9360211058513542e-36,7.542066321189576e-61
457,5.559474150517897e-25,3.688124941463367e-36,1.4236976107745215e-60
458,5.093004539732746e-25,3.838131559207046e-36,1.602734784231073e-60
459,4.988340478151739e-25,3.96069596162693e-36,1.6441890368342097e-60
460,4.897236779844106e-25,5.032044547259129e-36,1.6900328236646163e-60
461,3.689523007265298e-25,5.962365374992784e-36,2.4101159017171958e-60
462,3.1486597278919794e-25,8.69183988185778e-36,2.880225603946135e-60
463,2.960529500250298e-25,1.221040168009877e-35,3.10994016871347e-60
464,2.3931702062117486e-25,1.2460326954879396e-35,3.816888399174459e-60
465,2.3071135210120297e-25,1.4138178273770426e-35,3.9385568748747955e-60
466,2.0195326840974236e-25,3.403707555545441e-35,4.9173979423111215e-60
467,1.795743847807097e-25,5.65403822307302e-35,6.182708576593659e-60
468,1.7435113718894222e-25,5.957036164591506e-35,6.493859324601402e-60
469,1.6503787057022365e-25,6.303357036826147e-35,7.080907771370779e-60
470,1.6312742939415817e-25,6.913227191737286e-35,7.212980910236684e-60
471,1.36703080774122e-25,7.94955172835109e-35,9.313598172666287e-60
472,1.078115313155002e-25,8.54948233636701e-35,1.1783676090333896e-59
473,1.030853292485025e-25,1.2597217151249114e-34,1.237904602772042e-59
474,9.45329553496354e-26,1.261470385757694e-34,1.3457902667855211e-59
475,8.419293184135365e-26,1.7311557067391752e-34,1.524792173827313e-59
476,8.290121123736334e-26,2.102967397711248e-34,1.551956636998748e-59
477,7.754674628776481e-26,3.391027854138788e-34,1.7335280348797323e-59
478,7.567644080674541e-26,3.6944179347062554e-34,1.8026249360043075e-59
479,6.893190107086093e-26,5.058937315079785e-34,2.1438269734333507e-59
480,6.578916094416665e-26,5.52430580109496e-34,2.3174415485656623e-59
481,5.1400732683247175e-26,6.614897508323936e-34,3.269221331084202e-59
482,4.966682457891439e-26,7.1435020180880504e-34,3.393083091509007e-59
483,4.8219353610839725e-26,8.101001412376247e-34,3.5103427350764714e-59
484,4.7763814237351617e-26,1.1244438057752011e-33,3.5615655777570132e-59
485,4.736117984129661e-26,1.397814473870421e-33,3.6178463964053897e-59
486,3.5626445687994457e-26,3.6358218946222145e-33,7.884386732620093e-59
487,3.0263964065110993e-26,3.676132849790444e-33,9.85570621764804e-59
488,2.945791941003213e-26,4.732992771297474e-33,1.0237206570231163e-58
489,1.844880063258692e-26,5.783248879138725e-33,1.6604053953227674e-58
490,1.769167243476493e-26,9.187828196713448e-33,1.7299690333675244e-58
491,1.5662502667408488e-26,1.1964394019912051e-32,1.9727468996669816e-58
492,1.5409371553685693e-26,1.2666620003551053e-32,2.0048100559530048e-58
493,1.2487698764301612e-26,1.8934137237753303e-32,2.5580035915330817e-58
494,1.2466120782269804e-26,2.3002430492554176e-32,2.5629670518516443e-58
495,9.521803903857532e-27,4.1548754324680297e-32,3.786294038203255e-58
496,8.49409004887318e-27,4.615961807942814e-32,4.2606828286134e-58
497,8.227187715674193e-27,6.716918496564097e-32,4.4399589504774396e-58
498,8.07221457418247e-27,7.53216531978367e-32,4.556687282661628e-58
499,6.314231274269364e-27,2.7986684865645196e-31,9.476699744035141e-58
500,5.918038308751442e-27,3.4551235814064414e-31,1.0845595401983463e-57
501,5.6225387791165284e-27,4.123366794973101e-31,1.2064048350410235e-57
502,4.299441862856595e-27,6.285686811977557e-31,2.0380621187913474e-57
503,3.8836645147388014e-27,8.274030498578525e-31,2.38207756468582e-57
504,3.38564963931182e-27,8.926444523893356e-31,2.8266277804430815e-57
505,2.88667999139682e-27,9.627644232914885e-31,3.3070180057579234e-57
506,2.8588799346721563e-27,1.003181723364753e-30,3.3349065145726093e-57
507,2.31825620700104e-27,1.5779670840985736e-30,4.187992961720302e-57
508,2.2174852788397472e-27,2.2171240895497814e-30,4.411414614072995e-57
509,1.875931247014614e-27,3.567169442216968e-30,5.629795719265611e-57
510,1.8160847653115025e-27,3.585739028049593e-30,5.844389584399914e-57
511,1.5112916356890602e-27,3.603226560267986e-30,6.942628284442702e-57
512,1.505868819195455e-27,4.6699646688981434e-30,6.967952645873756e-57
513,1.2209971518657944e-27,5.4546345182288085e-30,8.521823475755517e-57
514,1.0859244170896592e-27,7.783551408381906e-30,9.5731690507563e-57
515,7.426590746533725e-28,1.367949422228217e-29,1.4268865319323196e-56
516,6.405350885581096e-28,1.581503614103574e-29,1.588395985028641e-56
517,5.981376292641196e-28,1.8866617640174432e-29,1.6683856503700979e-56
518,5.63524649555391e-28,2.2109776575143306e-29,1.7449141751660938e-56
519,4.130942715103916e-28,3.281968303771693e-29,2.2386219078341747e-56
520,4.059739935747936e-28,3.724587205362134e-29,2.2651420039317256e-56
521,3.8865363310210565e-28,4.3118637281700194e-29,2.3398250380127384e-56
522,3.8790817160970784e-28,5.138934322194191e-29,2.3436559156618955e-56
523,2.96065371962993e-28,6.380568115972938e-29,2.9296651547694146e-56
524,2.887119099854942e-28,6.761146339373044e-29,2.9793829873002997e-56
525,2.6910901109436063e-28,7.684009189051807e-29,3.1300118425118233e-56
526,2.654327859564856e-28,7.871645063700345e-29,3.1589497819714283e-56
527,2.637603876608324e-28,1.1805112570149936e-28,3.178692632113741e-56
528,2.5873740865283182e-28,1.5130185045088677e-28,3.254691233982386e-56
529,2.367699032979103e-28,1.5316168157530795e-28,3.591149239999822e-56
530,2.1126840232392202e-28,1.5364059979462217e-28,3.982955830530492e-56
531,1.6376952643892206e-28,1.902492735553393e-28,4.886618493712139e-56
532,1.5902547980455684e-28,2.2562012626201025e-28,4.993653733775973e-56
533,1.5828310916567833e-28,2.825116645148831e-28,5.014626570263628e-56
534,1.297835260788907e-28,2.9184313838029437e-28,5.846367347321434e-56
535,1.166538439461585e-28,4.418497317388384e-28,6.426502000137827e-56
536,1.1264496338859093e-28,5.573494649853779e-28,6.649936743532885e-56
537,1.0691445559296869e-28,6.199928734332819e-28,7.00522414297685e-56
538,1.0383056565960898e-28,7.213883906718679e-28,7.227692382580404e-56
539,1.025641699795372e-28,7.727824325407193e-28,7.325557216000896e-56
540,1.0007899422031553e-28,1.0033104984919615e-27,7.57489750898338e-56
541,9.892041658176054e-29,1.1027880142313072e-27,7.7026640623188655e-56
542,7.455474657111076e-29,1.1707971829753156e-27,1.0555389843296355e-55
543,7.129725435605954e-29,1.3362326578026242e-27,1.099066659132528e-55
544,6.814583693363007e-29,1.7725426296773314e-27,1.154926876384169e-55
545,6.49164332765293e-29,1.9628997506140112e-27,1.2183168327157197e-55
546,5.396273779053793e-29,2.4566945233890965e-27,1.4874156698287883e-55
547,4.9829973413829995e-29,2.7372010996820338e-27,1.6005377417953052e-55
548,4.07106703796433e-29,3.962179265767437e-27,1.9618608757983514e-55
549,2.7199425001072563e-29,4.907600813551575e-27,2.6249388639180385e-55
550,2.2818153341238016e-29,5.668168687526729e-27,2.8732767322562627e-55
551,2.1914727511274755e-29,6.008888096983214e-27,2.927562579417997e-55
552,2.134212365559639e-29,9.357927257455477e-27,2.9811464317057638e-55
553,2.1008257590096907e-29,9.821264278630536e-27,3.0139363003351335e-55
554,2.0874226129546168e-29,1.1493038999504367e-26,3.0293405883678354e-55
555,2.0571151999094907e-29,1.4734758556097788e-26,3.0739978297358215e-55
556,1.8793864465654354e-29,2.1300953047234362e-26,3.452577012748343e-55
557,1.5508764703660608e-29,2.3533922777898402e-26,4.2256898539128755e-55
558,1.3066655433319246e-29,6.184272593958857e-26,5.73595679711537e-55
559,1.1608438949243546e-29,1.8102368744104421e-25,8.37567404746235e-55
560,1.0904079181561295e-29,2.3567206199596763e-25,1.0035653235829117e-54
561,9.370525382391747e-30,2.753686256551858e-25,1.425857925628519e-54
562,8.974315114642068e-30,3.5806501266221135e-25,1.567726960167206e-54
563,8.124815764469482e-30,5.507071804331998e-25,2.0355523520805866e-54
564,7.85108740924851e-30,5.558382439902638e-25,2.187701040376955e-54
565,7.354792662261015e-30,5.839513902425249e-25,2.4775130478503644e-54
566,6.725484535850797e-30,9.607994112829228e-25,3.082151925220861e-54
567,6.629660856964261e-30,9.614584933361044e-25,3.174282415149033e-54
568,6.377555919854365e-30,1.3626493162962431e-24,3.5178130353367403e-54
569,4.9929938573056636e-30,1.5607055351933479e-24,5.678706710175217e-54
570,4.571896591399799e-30,1.6461845646751116e-24,6.371910529536342e-54
571,3.467308235000333e-30,1.9498200399191667e-24,8.525659042705396e-54
572,2.8699198339704814e-30,1.9652267155975032e-24,9.699662687997336e-54
573,2.563090002730211e-30,2.154159939004887e-24,1.0360623218546756e-53
574,2.2096145466371536e-30,2.1573144155094627e-24,1.112318091550509e-53
575,2.006613922403972e-30,3.112026042848467e-24,1.1754924144833247e-53
576,1.2244258827746009e-30,3.3073078492495707e-24,1.4341860787888601e-53
577,1.213063339972412e-30,8.68108197450352e-24,1.4440499953393208e-53
578,1.2115969094252499e-30,1.0306030076284081e-23,1.4455613030717043e-53
579,1.2062997554226143e-30,1.400078975512735e-23,1.4529777370208475e-53
580,1.1394549774839638e-30,1.44615522320403e-23,1.5496456617807404e-53
581,1.1214781187973092e-30,1.835032692109461e-23,1.5826337851721834e-53
582,1.1108942128437577e-30,1.9008487744120136e-23,1.6027521898324838e-53
583,1.0138729043980946e-30,2.386438125714559e-23,1.8342875393139264e-53
584,8.278616476879755e-31,2.5280643044322333e-23,2.3045359576253593e-53
585,8.056435731284656e-31,2.926376041767897e-23,2.369554398710522e-53
586,7.866910001929421e-31,3.513026239524672e-23,2.436135284739521e-53
587,7.6928248480394595e-31,4.294743967282189e-23,2.5109004011857518e-53
588,7.479805662597844e-31,4.419746136346278e-23,2.605049473368073e-53
589,7.306425029995426e-31,4.9434158805152876e-23,2.690758730626131e-53
590,5.5585265589550465e-31,5.040195027595853e-23,3.5717336488741423e-53
591,5.362959523073398e-31,5.0411597790973284e-23,3.670322116414527e-53
592,5.12094289996e-31,6.331425732234518e-23,3.823553143935394e-53
593,4.948539523437305e-31,1.7091178103434376e-22,4.1182108253136783e-53
594,4.845577047019931e-31,2.161755793273528e-22,4.340790555198725e-53
595,4.455583024803771e-31,2.8050917472992995e-22,5.434759568413335e-53
596,2.374524888618183e-31,3.695691730288286e-22,1.3125708912563567e-52
597,2.0671892358821777e-31,4.487294001815435e-22,1.4504814343629875e-52
598,1.9799168954175803e-31,4.591529811323984e-22,1.490552789657709e-52
599,1.86264250417942e-31,8.079795998807256e-22,1.5853081053665734e-52
600,1.835430384712764e-31,1.1008392323810341e-21,1.615264274071708e-52
601,1.740263741673525e-31,1.1710487708764387e-21,1.7267090544312455e-52
602,1.7024290673858425e-31,2.3962155327774513e-21,1.8173690886369657e-52
603,1.354845261333298e-31,2.8668596052587765e-21,2.8138430616511065e-52
604,8.409975055422926e-32,3.362628739127246e-21,4.54172229280998e-52
605,6.945849098400762e-32,3.402310269448869e-21,5.039863370744296e-52
606,5.29077693875767e-32,4.707349587469925e-21,5.818963695537183e-52
607,5.168863682299745e-32,4.990155841234748e-21,5.879800310420929e-52
608,4.4816310056487717e-32,5.5683855488909326e-21,6.26247796095982e-52
609,4.15616119903186e-32,5.7652469225050246e-21,6.4501193410564656e-52
610,3.891989894620859e-32,6.4643926565801156e-21,6.620890045087832e-52
611,3.80137542648537e-32,8.42114814836547e-21,6.69719783114326e-52
612,3.655109053121093e-32,8.523914500954178e-21,6.821874037235434e-52
613,2.695097851982366e-32,8.88327940855401e-21,7.67467881074112e-52
614,2.523096874761122e-32,9.09797692144894e-21,7.831164902863674e-52
615,2.444239418854991e-32,9.609999558784614e-21,7.906946914510153e-52
616,2.443571989515828e-32,1.101151187976507e-20,7.907681855119864e-52
617,2.259215462686265e-32,1.1887244469179623e-20,8.126830965511053e-52
618,2.1906717039577038e-32,1.2459416562953584e-20,8.212232489790026e-52
619,2.0635719811760512e-32,1.2860834524260259e-20,8.375693340067445e-52
620,2.0232531571797573e-32,1.3967542570051804e-20,8.432008829121711e-52
621,1.8458726942206914e-32,1.992345364133855e-20,8.785411972186123e-52
622,1.7972381556530465e-32,2.4139312979537042e-20,8.902812406996097e-52
623,1.7755743153539562e-32,2.7652500476152455e-20,8.962718342414686e-52
624,1.7048051787416956e-32,3.220685015118437e-20,9.190643440234663e-52
625,1.6212182348077472e-32,3.504743348977364e-20,9.483594226048512e-52
626,1.5600409311182224e-32,5.464612710448257e-20,9.817904497381243e-52
627,1.1354110349123185e-32,7.72077191231917e-20,1.3096375073138792e-51
628,1.0647419840028862e-32,8.0497000082956e-20,1.366523973283069e-51
629,1.0594897476172689e-32,8.108162740601951e-20,1.3707825720197387e-51
630,1.0326020804249745e-32,8.723502498201624e-20,1.394238035212018e-51
631,1.0022836371493723e-32,1.0836592472990158e-19,1.4270928966313353e-51
632,9.745702750770705e-33,1.2519737856826497e-19,1.461789299458989e-51
633,9.705888890966301e-33,1.4838195969452667e-19,1.4676969579997697e-51
634,8.013762105500478e-33,1.763043436566367e-19,1.7660262602951363e-51
635,7.612374360891283e-33,2.022589357252509e-19,1.8472105183329507e-51
636,7.175111400090635e-33,2.2392438108485386e-19,1.9451243562015666e-51
637,5.9561146188524654e-33,2.754250485983183e-19,2.280866603915283e-51
638,5.568251213542237e-33,2.763825208503089e-19,2.388065269620509e-51
639,5.038445182700215e-33,3.1591502482318894e-19,2.5554389550054414e-51
640,4.394358951384638e-33,4.2013547025800604e-19,2.826042426685918e-51
641,3.920023743658409e-33,4.780030071634251e-19,3.052776082382544e-51
642,3.236574572301603e-33,5.626289830950412e-19,3.437304394660172e-51
643,3.212247409343961e-33,7.469408439998179e-19,3.455475346291875e-51
644,2.8752962326427703e-33,7.981215401822072e-19,3.724403338406836e-51
645,2.7602284321353195e-33,8.436685278343394e-19,3.8214824202620925e-51
646,2.711755430186882e-33,1.0518883575886762e-18,3.872470606669027e-51
647,2.6837457572223682e-33,1.081433399776235e-18,3.902761202529662e-51
648,2.128579512410745e-33,1.150999734955634e-18,4.541757403164155e-51
649,1.5782806234101812e-33,1.564545235234907e-18,5.402724907905051e-51
650,1.3799595860385773e-33,1.5878363702980453e-18,5.717626264038922e-51
651,1.1629684408955918e-33,1.9354082119285107e-18,6.137592708264427e-51
652,7.16956614938408e-34,2.310808047604512e-18,7.16824042501307e-51
653,6.968583271020448e-34,2.7504737256230404e-18,7.223520237636996e-51
654,6.925196556215119e-34,3.030856113022773e-18,7.236670126616168e-51
655,6.770107721186507e-34,3.1764036711045664e-18,7.285932601109389e-51
656,6.118595083419359e-34,3.35837192762665e-18,7.504734776426507e-51
657,4.4692946505386465e-34,3.5289666657131804e-18,8.086767401364742e-51
658,4.170979423172104e-34,3.7925647515368436e-18,8.199905382980447e-51
659,3.981175089171875e-34,4.620122492069059e-18,8.287597310241112e-51
660,3.2281841004264238e-34,5.43585851960018e-18,8.696912558376524e-51
661,3.0089778077260596e-34,5.769514187388768e-18,8.823383939946489e-51
662,2.5668678044128384e-34,6.7623767208644476e-18,9.122355379393152e-51
663,1.7677536915261227e-34,8.486295095231609e-18,9.800507197065241e-51
664,1.7578026630101827e-34,1.1824104235381082e-17,9.812273396907413e-51
665,1.3555701889722219e-34,1.82568965962446e-17,1.0546625065523682e-50
666,1.0388964718752406e-34,2.3705614953609424e-17,1.129731958586661e-50
667,7.70420548310519e-35,2.503650929282671e-17,1.1969489581389448e-50
668,7.53326221595384e-35,2.7089525676979616e-17,1.201579730163748e-50
669,5.20961417806225e-35,2.975419060336715e-17,1.2707179967783146e-50
670,4.5728359947645543e-35,3.2001584635228746e-17,1.291095907704983e-50
671,4.335008612380212e-35,3.562160281372957e-17,1.2995677002585069e-50
672,3.7747892635322614e-35,3.748976419583611e-17,1.3205701915447615e-50
673,3.435743430965926e-35,4.0707136058218834e-17,1.3343717763810113e-50
674,3.2824641245676843e-35,4.3295018652484385e-17,1.341008006810563e-50
675,3.280552381015289e-35,4.7422064477557803e-17,1.3410986656365692e-50
676,3.279610492374775e-35,6.310498323705255e-17,1.34115810350344e-50
677,3.039224461045154e-35,8.071259032582915e-17,1.3605602827701996e-50
678,2.8740898971656447e-35,8.146263019948954e-17,1.37401257868067e-50
679,2.8734345530280813e-35,8.302207262693447e-17,1.3740669867092545e-50
680,2.7869005590299825e-35,1.0057110110421913e-16,1.382769805768589e-50
681,2.6882663992375845e-35,1.0525886011663861e-16,1.3931519249968994e-50
682,2.559491471556566e-35,1.1007860845703465e-16,1.4073272898401812e-50
683,2.551843199766652e-35,1.412231495341981e-16,1.4084074028708464e-50
684,2.5112261834087304e-35,1.5015131551900633e-16,1.4145061013094453e-50
685,2.2996088572591103e-35,1.5543541862660892e-16,1.447398928988155e-50
686,1.9136589367189e-35,1.808100176889649e-16,1.5171825409480851e-50
687,1.3762014715512495e-35,2.3201561532543783e-16,1.6418810654402076e-50
688,1.2688371051097803e-35,2.3803807971639235e-16,1.6674378730579022e-50
689,1.1380527559111419e-35,2.544168652727485e-16,1.7007116172077562e-50
690,1.1291909478037821e-35,2.8371766827952324e-16,1.703225868740717e-50
691,8.806980126728548e-36,2.929058027637417e-16,1.7760108913863595e-50
692,8.763457704069177e-36,3.5091740430615967e-16,1.7775381689452336e-50
693,8.410685686019055e-36,3.607714136919085e-16,1.7902651749115227e-50
694,8.252290759783865e-36,5.43805617795665e-16,1.7988787799832254e-50
695,6.523472694804003e-36,5.97464848091745e-16,1.9021695822403712e-50
696,6.246950624857404e-36,8.144554116586318e-16,1.9246910718714768e-50
697,6.119061508875471e-36,9.218605539844107e-16,1.936480665002245e-50
698,5.3585659364521444e-36,9.238395454041081e-16,2.0067382533931853e-50
699,3.8480349186048965e-36,1.130919223956145e-15,2.1775671100397347e-50
700,3.388362114454633e-36,1.1973155854909047e-15,2.2326044513032766e-50
701,3.011756879666753e-36,1.352989185547538e-15,2.2835587322921358e-50
702,2.5958912947914947e-36,1.4992045414937114e-15,2.3459054896417283e-50
703,1.840033943441607e-36,1.8313799512399795e-15,2.484331689567682e-50
704,1.773397771342071e-36,2.050549082294522e-15,2.4979957637223145e-50
705,1.4064478572986074e-36,2.3909723034993328e-15,2.5857324718472526e-50
706,1.3746593426007792e-36,2.4564308210465646e-15,2.5935411005731563e-50
707,1.2936301919525381e-36,2.5754599433244143e-15,2.614409833746771e-50
708,1.2612250871548589e-36,2.6659347314451074e-15,2.623048823182396e-50
709,1.1627490153325473e-36,3.4070525043535127e-15,2.6566001378945064e-50
710,1.1272819423924403e-36,3.577908370243043e-15,2.669289931608549e-50
711,1.0385971261180816e-36,3.797211794876688e-15,2.702965434646896e-50
712,9.344128657001906e-37,3.820201849315071e-15,2.7427659250786908e-50
713,8.245183568538132e-37,3.91499733489734e-15,2.785789596004033e-50
714,8.181826075067245e-37,4.171951668708218e-15,2.788432840010143e-50
715,6.509171382759342e-37,4.290538787234378e-15,2.8601987383601096e-50
716,6.142923906976168e-37,4.304690168303017e-15,2.875964557441806e-50
717,5.956476772490513e-37,4.777302739506164e-15,2.88487170150532e-50
718,5.820937586877638e-37,7.733460880932652e-15,2.8953535714030266e-50
719,5.249295876291383e-37,8.87267405754887e-15,2.9460734771603417e-50
720,4.61297441550076e-37,8.877907021257402e-15,3.00256550480564e-50
721,4.421931812152294e-37,9.37994210197397e-15,3.02048519038983e-50
722,4.04383980724444e-37,9.525466663342573e-15,3.056500218274091e-50
723,3.6497374057032197e-37,9.671191661049854e-15,3.094614616867943e-50
724,2.882487575271542e-37,1.076076016759872e-14,3.1771765310070037e-50
725,2.8815073985098867e-37,1.3590036818182873e-14,3.177309737389796e-50
726,2.7530924745896347e-37,1.3611023402491923e-14,3.1947883227368737e-50
727,2.7314048973015208e-37,1.5304480000300146e-14,3.1981074936654825e-50
728,2.609302007641027e-37,1.5330337059062703e-14,3.2168262782092916e-50
729,2.526467458874617e-37,2.5001572169211843e-14,3.2375362177001666e-50
730,2.517538082008212e-37,2.5838814029220287e-14,3.2398434627826454e-50
731,2.4928445418357107e-37,2.984956191527542e-14,3.24721437634551e-50
732,2.026074523385221e-37,3.9449790419226994e-14,3.431354170364015e-50
733,1.8101744649840569e-37,4.456714608811899e-14,3.5275746647959957e-50
734,1.7968904399387448e-37,5.465756136634606e-14,3.534835388937058e-50
735,1.6760021432830384e-37,5.561595829700111e-14,3.602068573591051e-50
736,1.6697166633042156e-37,5.724829745955229e-14,3.605666903866088e-50
737,1.622848912797396e-37,6.195070785967157e-14,3.6347018070629675e-50
738,1.4516860170773044e-37,7.034017087293369e-14,3.7550980803835413e-50
739,1.3292775695353424e-37,1.0507909843791246e-13,3.88372377347248e-50
740,1.1777282921298892e-37,1.1670620811334272e-13,4.0605911885555555e-50
741,1.1689753817927e-37,1.3938864621973879e-13,4.072791751779391e-50
742,1.1082770022989572e-37,1.4088400110920524e-13,4.158306057418625e-50
743,1.0149534762979758e-37,1.5978641823082749e-13,4.3074243769823085e-50
744,9.355479111651891e-38,1.62986049724436e-13,4.436844370853602e-50
745,7.914179998787378e-38,1.9169155651544561e-13,4.713129241202931e-50
746,7.899069761450896e-38,2.054227290466016e-13,4.716233227393133e-50
747,7.199650527977963e-38,2.1604059108355704e-13,4.867336172007834e-50
748,5.736472661689215e-38,2.700701205013479e-13,5.262496794671341e-50
749,5.416056230050023e-38,2.765913475163928e-13,5.351121207264819e-50
750,4.889295187940278e-38,3.0372006626726503e-13,5.511109105881405e-50
751,4.801037043576252e-38,3.039385765774292e-13,5.537934160650772e-50
752,3.9132917458931005e-38,3.645291127642839e-13,5.861543166375876e-50
753,3.177868988707092e-38,3.760624100318095e-13,6.138108020835485e-50
754,2.569337491844472e-38,4.992926057330707e-13,6.441943297574669e-50
755,2.0738779380250805e-38,5.126971884570681e-13,6.695964017812065e-50
756,1.594336686623987e-38,5.217812518366277e-13,6.94617965227543e-50
757,1.4622381334744932e-38,5.254907504946785e-13,7.015596220109218e-50
758,1.2791245091767904e-38,5.853977620581897e-13,7.122790525975457e-50
759,1.2636364000434706e-38,7.2046224684471e-13,7.133949123881025e-50
760,1.262990384566204e-38,7.736921879992809e-13,7.1344489410091125e-50
761,1.0836763025400751e-38,7.843864781709751e-13,7.275100482296049e-50
762,8.7460379116417e-39,8.556311166607207e-13,7.453989428667677e-50
763,8.547587296100792e-39,1.252500141702013e-12,7.47884537107626e-50
764,8.01121389934856e-39,1.4411702059064736e-12,7.556145906940277e-50
765,6.821069041669678e-39,1.4646135965782713e-12,7.730456140985697e-50
766,6.436214943119758e-39,1.532893249148647e-12,7.789450165943133e-50
767,3.6569455572823655e-39,2.0330036114863802e-12,8.354476635813228e-50
768,3.154577218248226e-39,2.1446313004748754e-12,8.462216122239247e-50
769,2.453505170749263e-39,2.4935485981522336e-12,8.637031844363723e-50
770,2.3143087599943197e-39,2.5469555758098653e-12,8.672484551814226e-50
771,2.0619750406608764e-39,2.8031764088931905e-12,8.743218144734603e-50
772,1.6599707075725107e-39,2.8452733639901566e-12,8.8575993668491e-50
773,1.2952399773462294e-39,3.267574892904707e-12,8.976777864524919e-50
774,1.0811645119493341e-39,3.3351611549262006e-12,9.048175482166366e-50
775,1.0434930000423365e-39,3.3430834343817414e-12,9.060769382906805e-50
776,7.469191177359657e-40,3.537485274400857e-12,9.165681957049874e-50
777,4.6737843270872095e-40,3.5822900362858532e-12,9.265821538120835e-50
778,4.286026340772732e-40,4.1752937077553774e-12,9.282011572924743e-50
779,3.470552233924412e-40,4.340107784159922e-12,9.317404028113875e-50
780,3.4320966902041817e-40,4.8363883052966156e-12,9.319263887533099e-50
781,3.422957546418889e-40,8.37048545301256e-12,9.320028878234176e-50
782,3.133981709367879e-40,1.0350223724588727e-11,9.34993852387896e-50
783,3.1184606587543664e-40,1.2049525936509292e-11,9.351808736898253e-50
784,2.7847432163262784e-40,1.3307190703129493e-11,9.396217153371765e-50
785,2.724940214230993e-40,1.587684643612916e-11,9.405711984178628e-50
786,2.701043604086475e-40,2.1813413140164252e-11,9.410924650475946e-50
787,2.5347425149622252e-40,2.219426852072895e-11,9.447833960749078e-50
788,2.0030732856636935e-40,3.638319006742455e-11,9.641272186974774e-50
789,1.9320365685398727e-40,4.668431739761862e-11,9.674435193465707e-50
790,1.9170861859324152e-40,4.835265329457116e-11,9.681664100134102e-50
791,1.6710865422751806e-40,5.3267776481410175e-11,9.812702640462503e-50
792,1.6060304178684218e-40,5.845778833923343e-11,9.850733011969914e-50
793,1.2927800871341677e-40,6.413591190825813e-11,1.0051638968141963e-49
794,8.541668452994505e-41,6.939678931397638e-11,1.0356022475481202e-49
795,7.998888295850941e-41,8.337784573224344e-11,1.040127831569004e-49
796,6.750693130848929e-41,8.802400942490409e-11,1.0511149458658297e-49
797,6.475489623581146e-41,9.128857236188328e-11,1.0536272393945757e-49
798,6.444467292852638e-41,9.571340130883055e-11,1.053924164673631e-49
799,6.075900108299176e-41,9.826540321419214e-11,1.0575459049737975e-49
800,5.572452849216257e-41,1.1638085150414378e-10,1.0634050670437472e-49
801,5.089620774105659e-41,1.2705629471959961e-10,1.06953975248728e-49
802,5.021186120297218e-41,1.4814555851105166e-10,1.0705535814882763e-49
803,4.917643658440997e-41,1.495393896458996e-10,1.0721019491431176e-49
804,4.644205031754277e-41,1.5028162665844248e-10,1.0762112293040907e-49
805,4.5151203573484175e-41,1.5988741017278836e-10,1.0782751307324657e-49
806,4.27171603131606e-41,1.9071587234276833e-10,1.0829172375695921e-49
807,4.127965883534901e-41,1.9665075801333544e-10,1.0857440951221616e-49
808,3.730390446625509e-41,2.0475929514614794e-10,1.0938848217450605e-49
809,3.713870828573474e-41,2.1385322180492145e-10,1.094238099099402e-49
810,3.426826183837313e-41,2.187164152258482e-10,1.1005162366700489e-49
811,3.134731163992223e-41,2.3032986846030574e-10,1.107244057419932e-49
812,2.727919205475561e-41,2.333759939857245e-10,1.1167380719383425e-49
813,2.370033105246297e-41,2.492246875776038e-10,1.125657477090143e-49
814,2.1033808517162849e-41,2.7352275383188544e-10,1.1329510229602436e-49
815,2.067244687767939e-41,2.9139314940078213e-10,1.1340040060222607e-49
816,1.7385373129621993e-41,2.963469786458387e-10,1.1437451497604894e-49
817,1.6993405816443608e-41,2.986921132602135e-10,1.1449159252115113e-49
818,1.6150486141497477e-41,3.4200785096965594e-10,1.1477987766771949e-49
819,1.2323810215974323e-41,3.8048142112570816e-10,1.1623585676205007e-49
820,1.0593129253298204e-41,3.9111165407680516e-10,1.1691274625604156e-49
821,8.432919220620201e-42,4.2709769826605593e-10,1.1783536698876957e-49
822,8.193516342920748e-42,4.311044497526952e-10,1.179385746346294e-49
823,6.4198258521582e-42,4.436333700329653e-10,1.1872544292444182e-49
824,6.363069941657681e-42,4.4930531882507934e-10,1.1875094365690447e-49
825,5.3581441318366297e-42,5.443689504108743e-10,1.1929799406523756e-49
826,4.783596071316684e-42,5.946754103027163e-10,1.1963966366886588e-49
827,4.421310847912775e-42,6.222073429456913e-10,1.1986508019510852e-49
828,4.25457261381643e-42,6.6961182222944e-10,1.199767300878771e-49
829,3.792814909487454e-42,6.719187622392577e-10,1.2028699375302427e-49
830,3.7450571673050264e-42,6.821945304805689e-10,1.2031957382352922e-49
831,3.07400474696815e-42,7.639385397347134e-10,1.2083221662960683e-49
832,2.8197541939959078e-42,7.654325184630793e-10,1.21026828270689e-49
833,2.4213694737681092e-42,8.191828384046328e-10,1.2135317819658224e-49
834,2.1955186976365667e-42,9.267289667115292e-10,1.2156248065297763e-49
835,2.1534289805952222e-42,9.268749823961419e-10,1.2160149255871938e-49
836,2.139359311682663e-42,9.47544055608967e-10,1.2161482418986186e-49
837,1.9736638500252257e-42,1.0464156922289712e-09,1.2178821052107132e-49
838,1.818840450570977e-42,1.43122737046637e-09,1.2200979800795889e-49
839,1.4590759015635093e-42,1.4890804718402504e-09,1.2254551637234632e-49
840,1.3250346567419046e-42,1.5686213865755358e-09,1.227557763356567e-49
841,1.2671627987825647e-42,1.5739378731537848e-09,1.2284686304468869e-49
842,1.1066904361603238e-42,1.6361891341438545e-09,1.2310942618074158e-49
843,1.0791099401291765e-42,1.8430652605698084e-09,1.2316025883484588e-49
844,9.994764420133948e-43,1.8457219962996685e-09,1.2330724013396046e-49
845,9.744370408186521e-43,1.9776997875220796e-09,1.2335676055238298e-49
846,9.180232976636867e-43,2.1276003449764243e-09,1.234767864517809e-49
847,8.416109292886138e-43,2.506370752567445e-09,1.2366830417701059e-49
848,7.938681629145712e-43,2.517381381877165e-09,1.237884909281999e-49
849,6.492150008125811e-43,2.5235804754163595e-09,1.2415353482378772e-49
850,6.310095141176382e-43,2.544928910747796e-09,1.2419986649321191e-49
851,5.863303946195416e-43,2.685142960915195e-09,1.2431983631643212e-49
852,4.892754534049602e-43,2.9136588869020013e-09,1.2460262130841974e-49
853,4.604191019355926e-43,3.3004195885992946e-09,1.2469785937606474e-49
854,3.87895158369906e-43,3.401145192677689e-09,1.249445238380772e-49
855,3.037442252132936e-43,4.099589963198313e-09,1.2528950815903981e-49
856,2.932029301682217e-43,4.3882332185527265e-09,1.2533576582012315e-49
857,2.683693405089705e-43,4.566100163054132e-09,1.2544915847791547e-49
858,2.2422610999424543e-43,4.623478170914935e-09,1.2565325374059397e-49
859,2.1442923373860988e-43,4.8251299402355384e-09,1.2570052494153582e-49
860,1.899971395541103e-43,4.887551595019571e-09,1.2581993806243695e-49
861,1.5782093709371502e-43,5.363422935737503e-09,1.2599251264469797e-49
862,1.4657194136439143e-43,5.8375116563641015e-09,1.2605817878839028e-49
863,1.1365742916979921e-43,5.877095470456679e-09,1.262516205189214e-49
864,9.52501257223133e-44,5.9538685480674325e-09,1.2636121518397213e-49
865,8.623364898114537e-44,6.247340994681556e-09,1.2641754418874483e-49
866,7.549009498053332e-44,6.916370956190643e-09,1.2649185059360093e-49
867,6.534257928943059e-44,7.131315900223739e-09,1.2656421573359666e-49
868,6.199560848310139e-44,7.257443856713333e-09,1.2658850618631366e-49
869,5.323522884574054e-44,7.941449037896064e-09,1.266580762947564e-49
870,5.218614451994407e-44,8.327852110481246e-09,1.2666681291387304e-49
871,4.445351649788716e-44,9.378435254480533e-09,1.2673933286512489e-49
872,3.7687940627818777e-44,1.1697680208382624e-08,1.268184744080785e-49
873,3.308624003994359e-44,1.1906180873877885e-08,1.2687326308760517e-49
874,3.089938801795411e-44,1.2896549711748119e-08,1.2690146593341899e-49
875,2.563394786773355e-44,1.4454560312118725e-08,1.269775755556402e-49
876,2.461693919961573e-44,1.562074540943861e-08,1.2699346198912406e-49
877,2.210747752709267e-44,1.583924916193525e-08,1.2703320997781748e-49
878,2.0385637830422442e-44,1.601795119758634e-08,1.2706079032204882e-49
879,2.0095794454541846e-44,1.6713014230672628e-08,1.2706563447851458e-49
880,1.9827819370648333e-44,1.907424165635376e-08,1.2707074590002264e-49
881,1.950749104967827e-44,2.0028738350934597e-08,1.2707716167214974e-49
882,1.1342963339634136e-44,2.0437056026822312e-08,1.2724402058239245e-49
883,1.1201239474142053e-44,2.0600266214430865e-08,1.2724694013175053e-49
884,8.108486944412066e-45,2.2711835736840574e-08,1.2731718221918045e-49
885,7.968711242332678e-45,2.30309682072575e-08,1.2732040138893118e-49
886,7.733924425238883e-45,2.563864642720961e-08,1.2732642100512042e-49
887,6.275405648065025e-45,2.7166139536658487e-08,1.2736604332973795e-49
888,5.878109460727844e-45,2.831561191327487e-08,1.2737729301439321e-49
889,4.183874926858163e-45,2.8340936988107927e-08,1.274253092085607e-49
890,4.066712568718057e-45,2.884800261822367e-08,1.2742868910857509e-49
891,3.676996096894434e-45,3.1688417248288885e-08,1.2744103860674276e-49
892,3.5184446753682764e-45,3.247725562559844e-08,1.2744618792178946e-49
893,3.260250763099594e-45,3.638385739825771e-08,1.2745558201227455e-49
894,2.983630897357357e-45,3.663332687454059e-08,1.2746571551823627e-49
895,2.687419757400055e-45,3.693012283799824e-08,1.2747665463202088e-49
896,2.6566366493499307e-45,3.973707846999549e-08,1.2747787786280102e-49
